"0","Loadings(xenium.obj, ""pca"")"
"1","             "
"1","          PC_1"
"1","          PC_2"
"1","          PC_3"
"1","          PC_4"
"1","          PC_5"
"1","          PC_6"
"1","          PC_7"
"1","          PC_8"
"1","
2010300C02Rik"
"1","  0.0548304668"
"1"," -0.0509951597"
"1","  1.318522e-02"
"1","  0.0959738953"
"1"," -0.0977267683"
"1"," -0.0725579338"
"1","  1.333912e-01"
"1"," -1.545388e-02"
"1","
Acsbg1       "
"1"," -0.0071600246"
"1","  0.0148414055"
"1","  3.602268e-02"
"1","  0.0172555867"
"1"," -0.1252962836"
"1","  0.1310730895"
"1"," -1.006212e-01"
"1","  1.851718e-01"
"1","
Acta2        "
"1"," -0.1271088432"
"1"," -0.0361215809"
"1"," -2.803611e-03"
"1"," -0.0059409429"
"1","  0.0286850337"
"1"," -0.0173796397"
"1","  9.890977e-03"
"1"," -3.342976e-02"
"1","
Acvrl1       "
"1"," -0.1071703471"
"1"," -0.0412348970"
"1","  1.538312e-01"
"1"," -0.0519442696"
"1","  0.0226214015"
"1"," -0.0138870493"
"1","  1.808234e-02"
"1"," -1.008521e-02"
"1","
Adamts2      "
"1"," -0.0182694041"
"1","  0.0259068530"
"1"," -1.200782e-02"
"1","  0.0042147983"
"1","  0.0148236337"
"1"," -0.0141012848"
"1"," -3.216793e-03"
"1"," -5.968048e-03"
"1","
Adamtsl1     "
"1"," -0.0208874609"
"1","  0.0983728731"
"1"," -1.168423e-02"
"1","  0.0056295476"
"1","  0.0276070369"
"1"," -0.0266855236"
"1","  1.253038e-02"
"1"," -6.440712e-03"
"1","
Adgrl4       "
"1"," -0.1211193809"
"1"," -0.0407218192"
"1","  2.433406e-01"
"1"," -0.0793666549"
"1","  0.0259323405"
"1"," -0.0164149696"
"1","  2.686531e-02"
"1","  3.873337e-03"
"1","
Aldh1a2      "
"1"," -0.2330288587"
"1"," -0.0563857215"
"1"," -1.489668e-01"
"1","  0.0572559510"
"1","  0.0344389246"
"1"," -0.0258292343"
"1"," -2.642157e-03"
"1"," -3.512535e-02"
"1","
Angpt1       "
"1"," -0.0238303815"
"1","  0.0096614526"
"1"," -1.215598e-02"
"1"," -0.0104475758"
"1"," -0.0291080114"
"1","  0.0172959834"
"1"," -1.795101e-03"
"1","  2.165446e-02"
"1","
Ano1         "
"1"," -0.0165995788"
"1","  0.0212250442"
"1"," -4.475686e-03"
"1"," -0.0430247771"
"1"," -0.0088289464"
"1","  0.0030128128"
"1","  1.992105e-04"
"1"," -3.403117e-03"
"1","
Aqp4         "
"1"," -0.0557233517"
"1","  0.0406996361"
"1"," -2.775910e-02"
"1"," -0.0471663330"
"1"," -0.2133334948"
"1","  0.1759569138"
"1"," -9.755891e-02"
"1","  2.519378e-01"
"1","
Arc          "
"1","  0.0363706230"
"1"," -0.0301099387"
"1","  6.950810e-02"
"1","  0.0877642807"
"1","  0.0080002744"
"1","  0.0149618455"
"1"," -1.257649e-01"
"1","  5.104788e-02"
"1","
Arhgap12     "
"1"," -0.0121811138"
"1","  0.0208855974"
"1"," -1.082925e-03"
"1","  0.0045292418"
"1"," -0.0482578930"
"1","  0.0143461697"
"1","  2.861087e-02"
"1","  8.122188e-03"
"1","
Arhgap25     "
"1","  0.0054919460"
"1"," -0.0030155998"
"1","  1.012443e-02"
"1","  0.0315254362"
"1","  0.0011417726"
"1"," -0.0042800220"
"1"," -6.323250e-02"
"1"," -5.817615e-02"
"1","
Arhgap6      "
"1"," -0.0146402818"
"1","  0.0186705155"
"1","  5.238203e-03"
"1","  0.0039202333"
"1"," -0.0016428868"
"1","  0.0087735442"
"1"," -8.786001e-04"
"1","  4.342350e-03"
"1","
Arhgef28     "
"1","  0.0070141015"
"1","  0.0594801031"
"1","  4.322511e-03"
"1","  0.0203057698"
"1"," -0.0353095590"
"1"," -0.0499012184"
"1","  9.437897e-02"
"1"," -1.927288e-02"
"1","
Bcl11b       "
"1","  0.0404105217"
"1"," -0.0250780477"
"1"," -2.257304e-03"
"1","  0.0715394504"
"1"," -0.0306218676"
"1"," -0.0262646841"
"1","  1.340984e-01"
"1"," -3.830626e-02"
"1","
Bdnf         "
"1","  0.0392840378"
"1"," -0.0323622623"
"1"," -3.691965e-03"
"1","  0.0371604394"
"1"," -0.0145560770"
"1"," -0.0756332641"
"1","  3.503682e-02"
"1"," -1.932870e-02"
"1","
Bhlhe22      "
"1","  0.0426213622"
"1"," -0.0318321790"
"1","  5.948098e-03"
"1","  0.0580261358"
"1"," -0.0904462798"
"1"," -0.0789557488"
"1","  1.786805e-01"
"1"," -4.335996e-02"
"1","
Bhlhe40      "
"1","  0.0287727828"
"1","  0.0128943554"
"1","  1.073802e-02"
"1","  0.0283802734"
"1","  0.0077335227"
"1"," -0.0410376654"
"1"," -3.405564e-02"
"1","  2.776988e-02"
"1","
Btbd11       "
"1","  0.0161976457"
"1"," -0.0071629682"
"1"," -1.768183e-02"
"1"," -0.0466196967"
"1","  0.0602984773"
"1","  0.0877626557"
"1","  3.218362e-02"
"1"," -4.916181e-03"
"1","
Cabp7        "
"1","  0.0029256852"
"1","  0.0067206775"
"1","  6.214159e-02"
"1","  0.1103916201"
"1"," -0.4434093640"
"1","  0.1352930637"
"1","  2.648646e-01"
"1","  1.049017e-01"
"1","
Cacna2d2     "
"1","  0.0151313310"
"1"," -0.0083232121"
"1"," -3.052375e-02"
"1"," -0.0758178933"
"1","  0.0290074929"
"1","  0.0657267666"
"1","  1.627731e-02"
"1"," -3.853366e-05"
"1","
Calb1        "
"1","  0.0433103538"
"1"," -0.0381285833"
"1"," -6.729345e-03"
"1","  0.0242013392"
"1"," -0.0046776983"
"1"," -0.0509175767"
"1","  7.459416e-02"
"1"," -2.634599e-02"
"1","
Calb2        "
"1","  0.0345492226"
"1","  0.0090647641"
"1"," -1.117560e-01"
"1"," -0.3962032022"
"1"," -0.0333392865"
"1","  0.0258386252"
"1"," -3.428675e-02"
"1"," -2.871338e-02"
"1","
Car4         "
"1"," -0.0141886433"
"1"," -0.0492031641"
"1","  1.133171e-01"
"1"," -0.0309684059"
"1","  0.0141051757"
"1"," -0.0520951255"
"1","  2.361577e-02"
"1"," -2.255867e-03"
"1","
Carmn        "
"1"," -0.0650151120"
"1","  0.0405850227"
"1"," -7.301250e-03"
"1"," -0.0015149446"
"1","  0.0102826038"
"1"," -0.0054268482"
"1"," -2.030996e-03"
"1"," -1.075002e-02"
"1","
Cbln1        "
"1","  0.0110084593"
"1"," -0.0017284466"
"1"," -1.685636e-02"
"1"," -0.0646787349"
"1","  0.0075479809"
"1","  0.0014835734"
"1"," -2.075192e-02"
"1","  1.187334e-03"
"1","
Cbln4        "
"1","  0.0192090843"
"1"," -0.0162599673"
"1"," -8.974236e-03"
"1"," -0.0310149816"
"1","  0.0138116168"
"1"," -0.0111087001"
"1"," -2.913327e-02"
"1","  2.942956e-03"
"1","
Ccn2         "
"1"," -0.0999690444"
"1"," -0.0165111968"
"1"," -2.580955e-02"
"1","  0.0389719199"
"1","  0.0571737033"
"1"," -0.0269725785"
"1"," -3.991730e-02"
"1"," -3.184146e-02"
"1","
Cd24a        "
"1"," -0.0131729810"
"1"," -0.0075730397"
"1"," -2.409367e-02"
"1"," -0.0140564963"
"1"," -0.0144075948"
"1","  0.0104606364"
"1","  9.553759e-03"
"1","  3.330191e-02"
"1","
Cd300c2      "
"1"," -0.0113501966"
"1","  0.0115735646"
"1","  1.241933e-02"
"1","  0.0270765507"
"1"," -0.0827727937"
"1","  0.0808501948"
"1"," -8.121536e-02"
"1"," -1.994408e-01"
"1","
Cd44         "
"1"," -0.0143934649"
"1","  0.0054014458"
"1"," -7.098124e-03"
"1"," -0.0038191949"
"1"," -0.0196602532"
"1","  0.0157730089"
"1"," -1.309608e-02"
"1","  1.701381e-02"
"1","
"
"1","             "
"1","          PC_9"
"1","         PC_10"
"1","         PC_11"
"1","         PC_12"
"1","         PC_13"
"1","         PC_14"
"1","         PC_15"
"1","         PC_16"
"1","
2010300C02Rik"
"1","  8.049256e-03"
"1","  0.0006658142"
"1","  8.733394e-03"
"1"," -3.830888e-02"
"1"," -0.0383801610"
"1"," -3.333673e-02"
"1"," -0.0377463890"
"1"," -0.0111264317"
"1","
Acsbg1       "
"1","  3.614926e-02"
"1"," -0.0481700937"
"1"," -4.148502e-04"
"1"," -1.334964e-02"
"1","  0.0148788532"
"1"," -4.857190e-03"
"1","  0.0366608498"
"1","  0.0093736894"
"1","
Acta2        "
"1"," -8.833157e-02"
"1"," -0.1081827411"
"1","  6.588190e-02"
"1"," -1.933525e-01"
"1"," -0.0558515251"
"1","  6.767796e-01"
"1"," -0.2975662977"
"1"," -0.0084954730"
"1","
Acvrl1       "
"1"," -4.480896e-03"
"1","  0.0117469859"
"1"," -5.228331e-03"
"1"," -5.070456e-04"
"1"," -0.0003388115"
"1"," -3.501680e-03"
"1","  0.0012593234"
"1"," -0.0113652386"
"1","
Adamts2      "
"1"," -5.799296e-03"
"1"," -0.0166132184"
"1"," -2.229150e-02"
"1","  1.657117e-04"
"1"," -0.0058671810"
"1"," -5.255457e-03"
"1"," -0.0107019859"
"1"," -0.0071354077"
"1","
Adamtsl1     "
"1","  2.199558e-02"
"1","  0.0552358830"
"1"," -4.181170e-02"
"1","  1.908133e-02"
"1","  0.0061395513"
"1","  7.721354e-03"
"1"," -0.0150273795"
"1","  0.0119193553"
"1","
Adgrl4       "
"1","  7.069156e-03"
"1","  0.0375878983"
"1"," -1.864627e-03"
"1","  6.967122e-03"
"1"," -0.0025550935"
"1"," -3.667037e-02"
"1","  0.0177942988"
"1"," -0.0073490528"
"1","
Aldh1a2      "
"1"," -6.742202e-02"
"1"," -0.1995829874"
"1"," -8.998967e-02"
"1","  4.066877e-02"
"1"," -0.0247078073"
"1"," -1.159457e-01"
"1","  0.0270022031"
"1"," -0.0411545776"
"1","
Angpt1       "
"1"," -1.245056e-02"
"1"," -0.0235942179"
"1"," -4.711891e-03"
"1"," -2.235600e-02"
"1"," -0.0083243019"
"1","  1.560818e-02"
"1"," -0.0028904607"
"1"," -0.0091010474"
"1","
Ano1         "
"1"," -1.829394e-02"
"1","  0.0020162553"
"1","  1.124925e-02"
"1"," -1.416692e-02"
"1"," -0.0458740150"
"1","  7.675051e-02"
"1"," -0.0127736922"
"1","  0.0075598906"
"1","
Aqp4         "
"1"," -3.561810e-03"
"1"," -0.0546697888"
"1"," -4.450448e-02"
"1"," -9.881365e-02"
"1"," -0.0863918800"
"1","  3.723830e-02"
"1","  0.1164402630"
"1"," -0.0890858317"
"1","
Arc          "
"1"," -3.061984e-03"
"1"," -0.0074342402"
"1","  1.332271e-02"
"1","  9.738805e-02"
"1"," -0.0178952037"
"1"," -2.548312e-02"
"1"," -0.0125024012"
"1","  0.0587261715"
"1","
Arhgap12     "
"1","  1.186943e-02"
"1","  0.0194740209"
"1","  4.917562e-03"
"1"," -1.753980e-03"
"1","  0.0313916441"
"1"," -7.176662e-03"
"1"," -0.0288253140"
"1"," -0.0159022949"
"1","
Arhgap25     "
"1"," -8.061621e-02"
"1","  0.0578472294"
"1"," -2.104841e-02"
"1"," -3.626483e-02"
"1","  0.0238128692"
"1"," -1.748791e-02"
"1","  0.0308081599"
"1"," -0.0266194945"
"1","
Arhgap6      "
"1","  4.682318e-03"
"1"," -0.0022815976"
"1","  1.578730e-03"
"1"," -1.304742e-02"
"1"," -0.0205048030"
"1"," -4.578135e-05"
"1"," -0.0213135805"
"1","  0.0025777069"
"1","
Arhgef28     "
"1"," -1.019434e-02"
"1","  0.0120330648"
"1"," -1.079683e-02"
"1","  4.485126e-03"
"1","  0.0140797400"
"1","  3.796177e-03"
"1","  0.0003703766"
"1"," -0.0025961445"
"1","
Bcl11b       "
"1"," -7.044070e-02"
"1","  0.0527041191"
"1"," -9.826052e-03"
"1"," -1.181861e-01"
"1"," -0.0011265929"
"1"," -5.208137e-02"
"1"," -0.0056759289"
"1"," -0.0850069527"
"1","
Bdnf         "
"1","  1.098837e-02"
"1"," -0.0220748289"
"1"," -3.906669e-03"
"1","  8.312214e-03"
"1","  0.0058888917"
"1","  1.103357e-03"
"1"," -0.0021389224"
"1"," -0.0262944988"
"1","
Bhlhe22      "
"1","  8.955792e-02"
"1"," -0.0761866185"
"1","  1.330786e-02"
"1"," -8.676033e-02"
"1"," -0.0079632138"
"1","  1.548390e-02"
"1","  0.1491562908"
"1","  0.0354668630"
"1","
Bhlhe40      "
"1","  8.866284e-02"
"1"," -0.0511376906"
"1"," -6.088917e-03"
"1"," -4.013655e-03"
"1"," -0.0481541204"
"1","  1.024927e-02"
"1","  0.0163402453"
"1","  0.0058798613"
"1","
Btbd11       "
"1","  1.676986e-03"
"1"," -0.0174483235"
"1"," -9.812850e-03"
"1","  4.530614e-02"
"1","  0.0417003346"
"1","  2.995471e-02"
"1","  0.0361009287"
"1"," -0.0350158360"
"1","
Cabp7        "
"1"," -2.251441e-01"
"1"," -0.0233599529"
"1","  4.815002e-02"
"1","  3.326255e-01"
"1","  0.1778758165"
"1"," -3.055313e-02"
"1"," -0.2459207438"
"1","  0.2439391756"
"1","
Cacna2d2     "
"1"," -1.777411e-02"
"1","  0.0189592877"
"1"," -5.726074e-03"
"1","  1.426487e-02"
"1"," -0.0060807756"
"1","  1.630585e-03"
"1","  0.0066981211"
"1"," -0.0364165943"
"1","
Calb1        "
"1","  1.324752e-01"
"1"," -0.0655032476"
"1","  1.653394e-02"
"1"," -9.324780e-02"
"1"," -0.0894090673"
"1"," -3.613735e-03"
"1","  0.0510190034"
"1","  0.0609945109"
"1","
Calb2        "
"1","  2.348814e-02"
"1"," -0.1283493209"
"1"," -1.409640e-02"
"1"," -2.101775e-01"
"1","  0.4082288345"
"1"," -1.576042e-01"
"1"," -0.2128165508"
"1"," -0.0443282194"
"1","
Car4         "
"1","  8.144962e-02"
"1"," -0.0371806953"
"1","  2.615765e-02"
"1","  4.739825e-02"
"1"," -0.0251913791"
"1","  7.911272e-03"
"1"," -0.0024523161"
"1","  0.0568173167"
"1","
Carmn        "
"1"," -2.694744e-02"
"1"," -0.0332588506"
"1","  2.939969e-02"
"1"," -5.919699e-02"
"1"," -0.0312516231"
"1","  1.839832e-01"
"1"," -0.0840124720"
"1","  0.0083024390"
"1","
Cbln1        "
"1","  8.352207e-03"
"1"," -0.0190736393"
"1"," -4.199080e-03"
"1","  2.489408e-03"
"1","  0.0720806147"
"1","  1.143958e-02"
"1"," -0.0066321904"
"1"," -0.0446292488"
"1","
Cbln4        "
"1","  2.630080e-02"
"1"," -0.0272584271"
"1"," -1.928643e-03"
"1","  4.008910e-02"
"1"," -0.0339202138"
"1","  6.204184e-03"
"1","  0.0062565515"
"1","  0.0430170409"
"1","
Ccn2         "
"1"," -1.890630e-01"
"1"," -0.0290035245"
"1"," -3.695942e-02"
"1"," -1.172360e-01"
"1","  0.0625712972"
"1","  1.211786e-01"
"1","  0.0541319690"
"1","  0.3904054163"
"1","
Cd24a        "
"1","  5.763989e-02"
"1","  0.0895715266"
"1","  1.723440e-03"
"1"," -1.190831e-01"
"1"," -0.0334045435"
"1","  1.353204e-01"
"1"," -0.0015763284"
"1"," -0.1348065212"
"1","
Cd300c2      "
"1","  3.916364e-02"
"1","  0.0162867504"
"1"," -1.650472e-03"
"1","  8.581770e-03"
"1","  0.0018427607"
"1","  3.647093e-03"
"1","  0.0047812987"
"1"," -0.0031624318"
"1","
Cd44         "
"1"," -3.645034e-03"
"1"," -0.0030875128"
"1"," -7.412973e-03"
"1"," -2.037020e-02"
"1"," -0.0132107736"
"1","  1.207359e-02"
"1","  0.0133986625"
"1"," -0.0132118287"
"1","
"
"1","             "
"1","         PC_17"
"1","         PC_18"
"1","         PC_19"
"1","         PC_20"
"1","         PC_21"
"1","         PC_22"
"1","         PC_23"
"1","         PC_24"
"1","
2010300C02Rik"
"1"," -0.0512575433"
"1","  0.0031798455"
"1","  1.099347e-03"
"1","  9.448666e-02"
"1"," -4.591818e-03"
"1","  0.0470205257"
"1"," -1.614740e-02"
"1","  0.0257673269"
"1","
Acsbg1       "
"1"," -0.1540538636"
"1"," -0.2224317404"
"1","  3.993472e-02"
"1"," -4.670355e-03"
"1","  7.916848e-02"
"1","  0.0284809659"
"1","  3.575088e-02"
"1","  0.0659659566"
"1","
Acta2        "
"1"," -0.0788014964"
"1"," -0.0199276446"
"1"," -1.181619e-01"
"1"," -6.415189e-03"
"1","  9.740554e-02"
"1"," -0.0278424000"
"1","  2.174971e-01"
"1"," -0.0522381589"
"1","
Acvrl1       "
"1","  0.0007177696"
"1"," -0.0111558514"
"1"," -8.100432e-04"
"1","  4.885308e-03"
"1","  1.091152e-02"
"1"," -0.0121912035"
"1"," -3.861951e-02"
"1"," -0.0145274105"
"1","
Adamts2      "
"1"," -0.0147005385"
"1"," -0.0113699171"
"1","  8.328397e-03"
"1","  2.027090e-02"
"1"," -2.457530e-02"
"1","  0.0087784468"
"1","  3.000310e-02"
"1"," -0.0288585405"
"1","
Adamtsl1     "
"1"," -0.0101179429"
"1"," -0.0110590262"
"1"," -1.381793e-02"
"1","  1.144272e-02"
"1"," -1.244749e-04"
"1"," -0.0110529034"
"1","  1.019915e-03"
"1","  0.0142307092"
"1","
Adgrl4       "
"1","  0.0141618361"
"1","  0.0041950424"
"1","  2.206872e-03"
"1","  5.287947e-03"
"1","  1.049550e-02"
"1"," -0.0030259959"
"1"," -2.594610e-02"
"1","  0.0039944980"
"1","
Aldh1a2      "
"1"," -0.0196537778"
"1"," -0.0142376267"
"1","  2.238231e-02"
"1","  2.639538e-04"
"1"," -5.848713e-02"
"1","  0.0084995478"
"1","  1.303890e-01"
"1","  0.0013192162"
"1","
Angpt1       "
"1","  0.0197385672"
"1"," -0.0052261730"
"1"," -4.365928e-04"
"1","  5.718534e-03"
"1","  1.681765e-02"
"1"," -0.0025294005"
"1"," -2.886690e-02"
"1"," -0.0084356442"
"1","
Ano1         "
"1","  0.0082438943"
"1","  0.0123002197"
"1"," -1.803492e-02"
"1"," -1.962009e-02"
"1","  6.317522e-02"
"1","  0.0136499637"
"1","  9.984582e-03"
"1","  0.0526166068"
"1","
Aqp4         "
"1","  0.0443442886"
"1"," -0.1260885011"
"1","  1.083371e-01"
"1","  3.176574e-02"
"1","  2.824417e-03"
"1"," -0.0435688172"
"1","  1.356833e-02"
"1"," -0.0180616574"
"1","
Arc          "
"1"," -0.0580128240"
"1"," -0.0368454734"
"1"," -1.598736e-01"
"1","  2.409062e-02"
"1"," -2.620091e-02"
"1"," -0.0200730386"
"1","  3.062729e-02"
"1","  0.1614121304"
"1","
Arhgap12     "
"1","  0.0053104868"
"1","  0.0025899551"
"1","  3.384689e-02"
"1"," -3.146464e-04"
"1","  1.719852e-02"
"1","  0.0171297052"
"1"," -7.034447e-03"
"1","  0.0310379822"
"1","
Arhgap25     "
"1","  0.0069695300"
"1"," -0.0100268914"
"1"," -6.473989e-02"
"1","  7.107935e-03"
"1","  1.156525e-02"
"1"," -0.0102517955"
"1","  6.277731e-03"
"1"," -0.0228520047"
"1","
Arhgap6      "
"1"," -0.0024337237"
"1","  0.0193918431"
"1","  3.822453e-05"
"1"," -6.016953e-03"
"1","  4.612136e-03"
"1","  0.0048734343"
"1","  7.299733e-03"
"1","  0.0202524340"
"1","
Arhgef28     "
"1"," -0.0141417211"
"1"," -0.0364367397"
"1","  1.436428e-02"
"1","  2.810699e-02"
"1","  1.728141e-02"
"1"," -0.0123604316"
"1","  2.113687e-03"
"1","  0.0053727094"
"1","
Bcl11b       "
"1"," -0.0706073783"
"1"," -0.0065727785"
"1","  2.641220e-02"
"1"," -7.006094e-03"
"1","  6.273650e-02"
"1","  0.0604277130"
"1"," -2.529985e-02"
"1","  0.0973277380"
"1","
Bdnf         "
"1","  0.0506121169"
"1"," -0.0191032857"
"1","  3.572303e-02"
"1","  2.024584e-02"
"1","  2.303636e-02"
"1"," -0.0294047421"
"1","  2.800318e-02"
"1"," -0.0477722153"
"1","
Bhlhe22      "
"1"," -0.0611314542"
"1","  0.0187214539"
"1"," -6.121287e-02"
"1","  2.875784e-02"
"1","  6.540265e-04"
"1","  0.0247277203"
"1"," -1.845412e-03"
"1","  0.0456794718"
"1","
Bhlhe40      "
"1"," -0.0058760785"
"1","  0.0499335283"
"1","  2.179746e-02"
"1","  5.318285e-02"
"1","  1.660168e-02"
"1","  0.0474542439"
"1"," -1.946290e-02"
"1","  0.0376426381"
"1","
Btbd11       "
"1"," -0.0022912113"
"1"," -0.0049863163"
"1","  1.700469e-02"
"1"," -1.576813e-02"
"1","  1.565129e-03"
"1","  0.0918700966"
"1"," -1.644165e-02"
"1"," -0.0656870856"
"1","
Cabp7        "
"1"," -0.1740991670"
"1","  0.1969800761"
"1"," -2.961097e-01"
"1"," -1.132015e-02"
"1"," -2.763076e-01"
"1","  0.0628656287"
"1"," -2.683390e-03"
"1"," -0.0636646668"
"1","
Cacna2d2     "
"1"," -0.0419077228"
"1","  0.0167683129"
"1","  1.078548e-02"
"1"," -7.499808e-03"
"1"," -5.440059e-03"
"1","  0.0381077792"
"1"," -5.814699e-03"
"1","  0.0003824198"
"1","
Calb1        "
"1"," -0.0611325365"
"1","  0.0457036562"
"1","  4.106502e-03"
"1","  1.624302e-01"
"1"," -4.739235e-02"
"1"," -0.0186967472"
"1"," -3.786978e-03"
"1"," -0.0731247115"
"1","
Calb2        "
"1","  0.0662174698"
"1","  0.1115369780"
"1"," -5.626847e-02"
"1","  4.501038e-01"
"1","  1.037407e-02"
"1"," -0.0524943052"
"1","  7.373685e-02"
"1","  0.3042081693"
"1","
Car4         "
"1","  0.0318555916"
"1","  0.0558416389"
"1","  2.290312e-02"
"1"," -4.991361e-02"
"1","  2.971726e-02"
"1"," -0.0054449071"
"1","  1.177095e-03"
"1","  0.1398219302"
"1","
Carmn        "
"1","  0.0033615107"
"1","  0.0400208137"
"1"," -3.237450e-02"
"1"," -3.058763e-02"
"1","  1.088731e-01"
"1","  0.0256377460"
"1","  1.968180e-02"
"1","  0.0831759333"
"1","
Cbln1        "
"1","  0.0216254167"
"1","  0.0350014247"
"1","  2.852479e-02"
"1","  1.368123e-02"
"1"," -2.805873e-02"
"1","  0.0381060360"
"1","  6.591950e-03"
"1","  0.0641118027"
"1","
Cbln4        "
"1"," -0.0053719333"
"1","  0.0275010465"
"1"," -1.624165e-02"
"1"," -2.776479e-02"
"1"," -1.337454e-02"
"1"," -0.0475756101"
"1","  2.840076e-03"
"1","  0.0280843834"
"1","
Ccn2         "
"1"," -0.0527291152"
"1","  0.0882497787"
"1","  2.831921e-01"
"1"," -2.752528e-02"
"1"," -6.078986e-02"
"1","  0.1199694089"
"1"," -2.463501e-02"
"1","  0.0856999792"
"1","
Cd24a        "
"1","  0.1526997384"
"1","  0.0469263203"
"1","  9.095136e-02"
"1"," -4.920640e-02"
"1"," -5.411192e-01"
"1"," -0.0795388940"
"1"," -4.617285e-02"
"1"," -0.0219820599"
"1","
Cd300c2      "
"1","  0.0055214275"
"1"," -0.0105290424"
"1","  2.014756e-02"
"1","  2.925880e-03"
"1","  6.324435e-03"
"1"," -0.0043504314"
"1","  4.049736e-03"
"1"," -0.0004908147"
"1","
Cd44         "
"1","  0.0212668086"
"1","  0.0032410012"
"1","  1.081234e-02"
"1","  2.787596e-03"
"1"," -1.636783e-03"
"1"," -0.0090092305"
"1"," -1.268077e-02"
"1"," -0.0091221416"
"1","
"
"1","             "
"1","         PC_25"
"1","         PC_26"
"1","         PC_27"
"1","         PC_28"
"1","         PC_29"
"1","         PC_30"
"1","
2010300C02Rik"
"1","  0.0897798734"
"1"," -0.0321547064"
"1","  4.930019e-02"
"1","  0.0016378971"
"1"," -3.742389e-02"
"1"," -2.173410e-03"
"1","
Acsbg1       "
"1"," -0.0571333238"
"1"," -0.0058149066"
"1"," -1.329147e-02"
"1","  0.0039552462"
"1","  1.217844e-02"
"1","  2.370848e-02"
"1","
Acta2        "
"1","  0.0626213725"
"1"," -0.1898488791"
"1"," -9.090239e-02"
"1"," -0.0659157184"
"1"," -2.869614e-02"
"1"," -4.232676e-02"
"1","
Acvrl1       "
"1"," -0.0051609273"
"1"," -0.0514135218"
"1"," -2.451822e-02"
"1"," -0.0163092835"
"1"," -5.997676e-03"
"1","  3.586462e-03"
"1","
Adamts2      "
"1"," -0.0131978667"
"1","  0.0199780658"
"1","  2.541812e-02"
"1","  0.0288123026"
"1"," -1.331480e-02"
"1"," -1.353422e-02"
"1","
Adamtsl1     "
"1"," -0.0115659599"
"1","  0.0296012799"
"1","  1.015145e-03"
"1","  0.0063096553"
"1","  4.899628e-02"
"1"," -2.946073e-02"
"1","
Adgrl4       "
"1","  0.0025263064"
"1"," -0.0138541678"
"1"," -1.770496e-02"
"1"," -0.0048515248"
"1","  4.836708e-03"
"1","  8.054617e-03"
"1","
Aldh1a2      "
"1","  0.0549683360"
"1"," -0.0124712676"
"1"," -2.040524e-02"
"1"," -0.0436031519"
"1"," -6.721944e-02"
"1","  1.283099e-01"
"1","
Angpt1       "
"1"," -0.0256181585"
"1","  0.0211404493"
"1"," -3.297897e-03"
"1","  0.0327386765"
"1","  1.418787e-02"
"1","  2.612086e-02"
"1","
Ano1         "
"1"," -0.0085355982"
"1","  0.1485048969"
"1","  3.176673e-02"
"1","  0.0357310082"
"1","  2.633655e-02"
"1","  9.561887e-02"
"1","
Aqp4         "
"1","  0.0106433983"
"1"," -0.0332270972"
"1"," -1.566473e-01"
"1","  0.0711546210"
"1"," -9.008404e-02"
"1","  3.685628e-02"
"1","
Arc          "
"1","  0.0814050725"
"1"," -0.0292721927"
"1","  4.875784e-02"
"1"," -0.0903283406"
"1"," -5.449298e-02"
"1"," -2.766269e-02"
"1","
Arhgap12     "
"1","  0.0576950017"
"1"," -0.0022257263"
"1","  9.734342e-02"
"1"," -0.0038179955"
"1"," -1.503728e-02"
"1"," -2.862958e-02"
"1","
Arhgap25     "
"1","  0.0296545709"
"1","  0.0280971922"
"1"," -3.767567e-02"
"1","  0.0006415911"
"1","  1.319052e-02"
"1"," -3.056470e-03"
"1","
Arhgap6      "
"1"," -0.0101726300"
"1","  0.0549177125"
"1","  2.082862e-02"
"1","  0.0083163451"
"1","  2.345312e-02"
"1","  3.950406e-02"
"1","
Arhgef28     "
"1","  0.0161604265"
"1"," -0.0251248282"
"1"," -7.556330e-04"
"1","  0.0011121666"
"1","  4.499896e-02"
"1","  1.470936e-02"
"1","
Bcl11b       "
"1","  0.0745904679"
"1"," -0.0582398904"
"1","  1.318423e-01"
"1"," -0.0715517823"
"1"," -9.613827e-02"
"1"," -8.919668e-03"
"1","
Bdnf         "
"1"," -0.1134811008"
"1","  0.0162879561"
"1"," -8.641341e-02"
"1","  0.0160014620"
"1","  4.168311e-03"
"1"," -1.032214e-02"
"1","
Bhlhe22      "
"1"," -0.0294748122"
"1"," -0.0301933979"
"1"," -2.721530e-02"
"1"," -0.0130371973"
"1"," -1.432117e-02"
"1","  5.364261e-03"
"1","
Bhlhe40      "
"1"," -0.0121180542"
"1"," -0.0210388259"
"1","  9.512797e-02"
"1","  0.0327891085"
"1","  2.596065e-02"
"1","  1.375124e-02"
"1","
Btbd11       "
"1","  0.0664745000"
"1","  0.0126703734"
"1"," -2.958307e-02"
"1","  0.0519999498"
"1","  1.989570e-02"
"1"," -5.504894e-05"
"1","
Cabp7        "
"1"," -0.0999229711"
"1","  0.0047224009"
"1","  2.270490e-02"
"1"," -0.0289822441"
"1"," -4.676089e-03"
"1","  5.428692e-02"
"1","
Cacna2d2     "
"1"," -0.0130461338"
"1"," -0.0187508695"
"1"," -1.488409e-03"
"1","  0.0467057100"
"1"," -1.611055e-02"
"1","  3.580482e-03"
"1","
Calb1        "
"1","  0.0555286977"
"1"," -0.0085781465"
"1","  1.311569e-02"
"1","  0.0825272328"
"1","  1.672404e-02"
"1","  1.461901e-02"
"1","
Calb2        "
"1"," -0.0679703485"
"1"," -0.0435127474"
"1"," -2.130666e-01"
"1","  0.0127963998"
"1","  7.062463e-02"
"1","  2.799133e-02"
"1","
Car4         "
"1","  0.0471789629"
"1","  0.2588401021"
"1","  5.303278e-02"
"1","  0.0258135630"
"1"," -4.559273e-02"
"1","  1.467960e-01"
"1","
Carmn        "
"1"," -0.0451189527"
"1","  0.2817121888"
"1","  7.647945e-02"
"1","  0.0707316570"
"1","  3.544468e-02"
"1","  2.226244e-01"
"1","
Cbln1        "
"1"," -0.2483897694"
"1"," -0.0206292360"
"1","  1.823170e-01"
"1"," -0.0688354317"
"1"," -2.105428e-01"
"1"," -9.658333e-04"
"1","
Cbln4        "
"1","  0.0267029141"
"1"," -0.0176987389"
"1"," -2.340641e-02"
"1","  0.0075178420"
"1","  7.046407e-03"
"1"," -1.006812e-02"
"1","
Ccn2         "
"1"," -0.0423100895"
"1"," -0.0430338357"
"1"," -4.124835e-02"
"1","  0.0229777408"
"1","  8.396492e-03"
"1"," -8.003015e-02"
"1","
Cd24a        "
"1","  0.1379541098"
"1","  0.0432630218"
"1","  7.791570e-03"
"1"," -0.0389109409"
"1","  4.484477e-03"
"1","  4.106469e-02"
"1","
Cd300c2      "
"1"," -0.0018910897"
"1"," -0.0052629791"
"1"," -8.787344e-03"
"1"," -0.0003087660"
"1"," -4.581179e-03"
"1"," -3.091804e-03"
"1","
Cd44         "
"1","  0.0036302811"
"1"," -0.0022649502"
"1"," -8.615970e-03"
"1","  0.0109330045"
"1"," -2.223852e-03"
"1"," -6.678584e-03"
"1","
"
"1"," [ reached 'max' / getOption(""max.print"") -- omitted"
"1"," 215 rows"
"1"," ]
"
"0","Embeddings(xenium.obj, ""pca"")"
"1","     "
"1","          PC_1"
"1","          PC_2"
"1","          PC_3"
"1","          PC_4"
"1","          PC_5"
"1","          PC_6"
"1","          PC_7"
"1","          PC_8"
"1","          PC_9"
"1","
1    "
"1","  3.969254e+00"
"1"," -2.8591796890"
"1"," -7.940156e-01"
"1","  1.552683e+00"
"1","  1.099561e+00"
"1"," -3.4214355486"
"1"," -1.888172e+00"
"1"," -2.936207e-01"
"1"," -2.700004e+00"
"1","
2    "
"1","  3.448645e+00"
"1"," -2.4986412745"
"1"," -2.102630e-01"
"1","  2.368744e+00"
"1","  1.225033e+00"
"1"," -1.8365147884"
"1"," -2.149873e+00"
"1","  6.416747e-01"
"1"," -1.687985e+00"
"1","
3    "
"1"," -1.687354e+00"
"1","  8.5608465697"
"1"," -5.893278e-01"
"1","  5.116702e-01"
"1"," -2.072040e-01"
"1","  0.0786026994"
"1"," -4.718116e-01"
"1","  4.193631e-01"
"1"," -1.278359e+00"
"1","
4    "
"1","  3.313732e+00"
"1"," -1.8172954466"
"1"," -3.074862e-01"
"1","  2.731966e+00"
"1","  2.298091e+00"
"1"," -2.1870966340"
"1"," -3.593362e+00"
"1"," -1.159411e-01"
"1"," -5.255394e+00"
"1","
5    "
"1","  3.311978e+00"
"1"," -2.6818025602"
"1"," -1.575295e+00"
"1","  2.536919e-01"
"1","  1.886916e+00"
"1"," -2.3659196518"
"1"," -1.030314e+00"
"1"," -3.089910e-01"
"1"," -3.992664e+00"
"1","
6    "
"1","  2.770393e+00"
"1"," -0.5447576656"
"1","  9.674116e-02"
"1","  3.104902e+00"
"1","  1.145766e+00"
"1"," -2.5769885848"
"1"," -2.691463e+00"
"1"," -1.375243e+00"
"1"," -4.811144e+00"
"1","
7    "
"1","  3.660448e+00"
"1"," -3.0266091749"
"1"," -1.919283e-01"
"1","  3.662748e+00"
"1","  5.204184e-01"
"1"," -3.3868889529"
"1"," -2.146053e+00"
"1"," -1.177081e+00"
"1"," -3.663692e+00"
"1","
8    "
"1","  1.392981e+00"
"1","  2.7317176770"
"1","  7.507822e-01"
"1","  2.433814e+00"
"1","  3.302713e-01"
"1"," -0.5036591865"
"1"," -2.466340e+00"
"1"," -2.350117e+00"
"1"," -2.894290e+00"
"1","
9    "
"1","  1.265336e+00"
"1","  8.3116674083"
"1","  6.209006e-01"
"1","  1.557996e+00"
"1","  6.452351e+00"
"1","  2.8821795194"
"1","  3.177996e+00"
"1"," -2.801522e-01"
"1"," -6.702774e-01"
"1","
10   "
"1","  3.257191e+00"
"1"," -1.7770973289"
"1"," -1.730184e-01"
"1","  3.521355e+00"
"1","  1.335613e+00"
"1"," -1.8747728820"
"1"," -4.168150e+00"
"1"," -9.412052e-01"
"1"," -5.560378e+00"
"1","
11   "
"1","  4.437367e-01"
"1","  6.3386590170"
"1","  1.567774e+00"
"1","  1.898122e+00"
"1","  2.474697e+00"
"1"," -3.1061612677"
"1"," -1.292963e+00"
"1"," -7.648134e-01"
"1"," -4.052473e+00"
"1","
12   "
"1","  3.596779e+00"
"1"," -2.4419812035"
"1"," -4.047519e-01"
"1","  3.338024e+00"
"1","  1.497822e+00"
"1"," -2.3932798878"
"1"," -2.963047e+00"
"1"," -9.847838e-01"
"1"," -5.610026e+00"
"1","
13   "
"1","  3.347463e+00"
"1"," -2.0712190284"
"1","  2.839586e-01"
"1","  3.833095e+00"
"1","  1.938360e+00"
"1"," -2.8995319338"
"1"," -3.639493e+00"
"1"," -2.859183e-01"
"1"," -6.974793e+00"
"1","
14   "
"1","  3.582217e+00"
"1"," -2.1369869810"
"1"," -2.898816e-01"
"1","  3.728322e+00"
"1","  2.482528e+00"
"1"," -2.9782077548"
"1"," -4.115872e+00"
"1"," -5.101507e-01"
"1"," -6.933887e+00"
"1","
15   "
"1","  3.366994e+00"
"1"," -1.7285660500"
"1"," -6.890870e-01"
"1","  3.176695e+00"
"1","  2.581662e+00"
"1"," -2.7728610096"
"1"," -3.863161e+00"
"1"," -1.028168e+00"
"1"," -7.311711e+00"
"1","
16   "
"1","  3.545593e+00"
"1"," -2.2134105937"
"1"," -5.878069e-01"
"1","  2.805079e+00"
"1","  1.165792e+00"
"1"," -3.4120978511"
"1"," -2.094961e+00"
"1"," -5.292709e-01"
"1"," -3.082410e+00"
"1","
17   "
"1","  3.563295e+00"
"1"," -2.1845467177"
"1","  3.224286e-02"
"1","  3.576043e+00"
"1","  1.582221e+00"
"1"," -1.4690211476"
"1"," -2.150725e+00"
"1"," -5.499014e-01"
"1"," -2.914820e+00"
"1","
18   "
"1","  2.344615e+00"
"1","  3.7694606873"
"1","  1.149460e-01"
"1","  2.774524e+00"
"1","  1.997251e+00"
"1"," -2.7635248741"
"1"," -1.810359e+00"
"1"," -3.841464e-01"
"1"," -2.898990e+00"
"1","
19   "
"1","  9.011276e-01"
"1","  0.1927798405"
"1","  7.806967e-01"
"1","  3.490518e+00"
"1"," -4.827950e+00"
"1","  3.8117300920"
"1"," -6.335893e+00"
"1"," -6.866636e+00"
"1"," -6.966090e-01"
"1","
20   "
"1"," -3.129860e+00"
"1"," 11.9706796955"
"1"," -1.698874e+00"
"1"," -1.009576e-01"
"1","  2.672446e+00"
"1"," -0.9172192653"
"1"," -4.500125e-01"
"1"," -1.472958e+00"
"1"," -3.615356e+00"
"1","
21   "
"1","  3.156059e+00"
"1"," -1.7223805547"
"1"," -7.988848e-01"
"1","  3.436404e+00"
"1","  2.161683e+00"
"1"," -2.3342621368"
"1"," -2.804952e+00"
"1"," -7.218748e-01"
"1"," -8.717093e+00"
"1","
22   "
"1","  3.133459e+00"
"1"," -2.0456704568"
"1"," -4.305043e-01"
"1","  3.120455e+00"
"1","  9.729585e-01"
"1"," -2.6125738143"
"1"," -3.480455e+00"
"1","  3.533497e-01"
"1"," -4.793548e+00"
"1","
23   "
"1","  1.619326e+00"
"1"," 10.1399365182"
"1","  4.491971e-01"
"1","  2.433606e+00"
"1","  3.428173e+00"
"1"," -4.7132712601"
"1"," -1.338004e+00"
"1"," -8.777820e-01"
"1"," -3.283792e+00"
"1","
24   "
"1","  1.338173e+00"
"1","  8.5823312347"
"1"," -7.986606e-02"
"1","  1.066101e+00"
"1","  3.205143e+00"
"1"," -0.1756085056"
"1","  2.307485e+00"
"1"," -2.773683e+00"
"1","  8.691929e-02"
"1","
25   "
"1","  2.776646e+00"
"1"," -2.3462294772"
"1"," -4.101530e-01"
"1","  3.018386e+00"
"1","  1.369919e+00"
"1"," -1.2874217538"
"1"," -3.710093e+00"
"1"," -3.020173e+00"
"1"," -4.978718e+00"
"1","
26   "
"1","  2.966049e+00"
"1"," -1.9394370426"
"1"," -1.378474e-01"
"1","  3.742084e+00"
"1","  2.320451e+00"
"1"," -2.4016147852"
"1"," -4.240400e+00"
"1"," -6.704048e-01"
"1"," -7.577901e+00"
"1","
27   "
"1","  1.349349e+00"
"1"," -0.8496451820"
"1"," -2.945118e-01"
"1","  1.533820e+00"
"1","  9.316356e-01"
"1"," -0.3481984002"
"1"," -2.602041e+00"
"1","  1.729256e-01"
"1"," -4.329975e+00"
"1","
28   "
"1","  2.883469e+00"
"1"," -1.3137592139"
"1"," -1.544545e-01"
"1","  2.836170e+00"
"1","  4.027071e-01"
"1"," -1.8363319712"
"1"," -2.379170e+00"
"1"," -2.666260e-01"
"1"," -4.252143e+00"
"1","
29   "
"1","  3.220185e+00"
"1"," -0.6604262361"
"1"," -5.043447e-01"
"1","  3.562978e+00"
"1","  2.561040e+00"
"1"," -3.1100027929"
"1"," -3.936616e+00"
"1"," -5.732553e-01"
"1"," -7.952960e+00"
"1","
30   "
"1","  7.165136e-01"
"1","  0.7686309973"
"1","  6.752643e-02"
"1","  2.014406e+00"
"1"," -4.020926e+00"
"1","  3.6916165693"
"1"," -3.566936e+00"
"1","  6.221341e+00"
"1"," -2.248087e+00"
"1","
31   "
"1","  6.199180e-03"
"1"," 10.7073891029"
"1","  3.171619e-01"
"1","  1.378973e+00"
"1","  2.417103e+00"
"1"," -2.0710021497"
"1"," -2.080009e-01"
"1"," -3.225648e-01"
"1"," -2.052807e+00"
"1","
32   "
"1","  2.221548e+00"
"1"," -1.8609982115"
"1"," -3.810224e-01"
"1","  3.913717e+00"
"1","  1.802871e+00"
"1"," -2.0797921979"
"1"," -4.646335e+00"
"1"," -4.124445e-02"
"1"," -9.708888e+00"
"1","
33   "
"1","  1.089390e+00"
"1"," -0.9256445847"
"1"," -5.315336e-01"
"1","  4.050939e+00"
"1","  3.188284e+00"
"1"," -1.9815574513"
"1"," -4.059611e+00"
"1"," -9.157800e-01"
"1"," -1.347368e+01"
"1","
"
"1","     "
"1","         PC_10"
"1","         PC_11"
"1","         PC_12"
"1","         PC_13"
"1","         PC_14"
"1","         PC_15"
"1","         PC_16"
"1","         PC_17"
"1","         PC_18"
"1","
1    "
"1","  1.010683e+00"
"1"," -5.492585e-01"
"1","  1.313819e+00"
"1","  4.542379e-01"
"1","  7.594717e-01"
"1"," -1.550391e-01"
"1"," -8.022285e-01"
"1","  1.461307e+00"
"1"," -2.623933e-01"
"1","
2    "
"1","  3.680939e-01"
"1"," -5.115340e-01"
"1","  4.671032e-01"
"1","  1.373810e-01"
"1","  1.605341e-01"
"1","  2.338168e-01"
"1"," -1.242717e+00"
"1","  1.169402e+00"
"1"," -4.761250e-02"
"1","
3    "
"1"," -6.247156e-01"
"1","  8.637860e-01"
"1"," -2.194351e+00"
"1"," -1.907914e+00"
"1"," -4.202268e-01"
"1","  2.050358e+00"
"1","  2.033148e-01"
"1","  2.432622e+00"
"1","  3.663779e+00"
"1","
4    "
"1","  2.891629e+00"
"1"," -7.677350e-01"
"1"," -1.301810e+00"
"1","  5.690588e-01"
"1"," -1.265542e+00"
"1","  5.337092e-01"
"1"," -2.372159e+00"
"1"," -2.398142e-01"
"1"," -8.475647e-01"
"1","
5    "
"1","  3.164537e-01"
"1"," -1.887349e-01"
"1","  9.719016e-01"
"1","  7.371908e-01"
"1","  7.473585e-01"
"1","  3.097779e-01"
"1","  1.050083e+00"
"1","  2.361012e+00"
"1"," -1.315320e+00"
"1","
6    "
"1","  3.115218e+00"
"1"," -1.269898e+00"
"1"," -1.809466e+00"
"1","  1.287169e+00"
"1"," -3.764875e-01"
"1","  6.677230e-01"
"1"," -5.185970e-01"
"1"," -7.116682e-01"
"1"," -7.589902e-01"
"1","
7    "
"1","  1.462048e+00"
"1"," -9.690269e-01"
"1"," -2.595818e-01"
"1","  6.259269e-01"
"1"," -9.878738e-01"
"1"," -4.719780e-01"
"1"," -1.750594e+00"
"1","  1.643528e+00"
"1"," -1.040970e+00"
"1","
8    "
"1","  1.945616e+00"
"1"," -1.614585e+00"
"1"," -1.138293e-01"
"1","  1.269076e+00"
"1"," -2.193378e-01"
"1","  6.014893e-01"
"1","  8.192293e-01"
"1"," -9.149203e-01"
"1"," -5.088796e-01"
"1","
9    "
"1","  1.261101e+00"
"1"," -2.655532e+00"
"1","  1.168625e+00"
"1"," -4.297356e-01"
"1"," -1.850353e-01"
"1"," -4.266622e-01"
"1","  1.675726e+00"
"1"," -6.417888e-01"
"1"," -2.915012e+00"
"1","
10   "
"1","  3.377162e+00"
"1"," -9.189695e-01"
"1"," -1.956760e+00"
"1","  5.451148e-01"
"1"," -7.508353e-01"
"1","  1.713710e-01"
"1"," -1.492126e+00"
"1"," -1.062948e+00"
"1"," -4.565988e-01"
"1","
11   "
"1","  2.241904e+00"
"1"," -1.364955e+00"
"1"," -6.939554e-01"
"1","  5.606686e-01"
"1"," -1.153430e+00"
"1","  7.821725e-01"
"1"," -7.055979e-01"
"1"," -1.472278e+00"
"1"," -1.688151e+00"
"1","
12   "
"1","  3.784372e+00"
"1"," -1.158177e+00"
"1"," -3.002598e+00"
"1","  7.003931e-01"
"1"," -1.139346e+00"
"1","  1.132800e+00"
"1"," -1.765208e+00"
"1"," -1.476033e+00"
"1","  1.679397e-02"
"1","
13   "
"1","  4.346588e+00"
"1"," -1.390669e+00"
"1"," -3.316765e+00"
"1","  1.278581e+00"
"1"," -1.434894e+00"
"1","  1.012528e+00"
"1"," -2.372889e+00"
"1"," -5.211491e-01"
"1"," -7.368140e-01"
"1","
14   "
"1","  4.076073e+00"
"1"," -1.296981e+00"
"1"," -3.317213e+00"
"1","  8.681277e-01"
"1"," -3.927600e-01"
"1","  8.614276e-01"
"1"," -1.834852e+00"
"1"," -1.188886e+00"
"1","  9.541516e-02"
"1","
15   "
"1","  4.798953e+00"
"1"," -1.402906e+00"
"1"," -3.454049e+00"
"1","  2.137439e+00"
"1"," -9.578908e-01"
"1","  1.159834e+00"
"1"," -2.676736e+00"
"1"," -1.002371e+00"
"1"," -3.075149e-01"
"1","
16   "
"1","  1.559366e+00"
"1"," -6.474025e-01"
"1"," -4.843392e-02"
"1","  4.278487e-02"
"1"," -4.372994e-01"
"1"," -3.680050e-01"
"1"," -8.848871e-01"
"1","  1.469712e+00"
"1"," -2.802848e-01"
"1","
17   "
"1","  1.608113e+00"
"1"," -2.371096e-01"
"1"," -5.763962e-01"
"1","  7.109744e-01"
"1"," -6.981567e-01"
"1","  2.134077e-01"
"1"," -6.527945e-01"
"1","  2.166777e-01"
"1"," -8.143605e-01"
"1","
18   "
"1","  1.574813e+00"
"1"," -1.061394e+00"
"1"," -2.745981e-01"
"1","  7.591880e-01"
"1"," -4.748214e-01"
"1"," -2.674082e-01"
"1","  1.548317e-01"
"1","  2.716686e-01"
"1"," -1.215547e+00"
"1","
19   "
"1","  1.972959e+00"
"1"," -7.019837e-02"
"1"," -1.827465e+00"
"1","  4.090027e-01"
"1","  4.973507e-02"
"1","  5.447760e-01"
"1"," -4.053380e-01"
"1"," -5.563479e-01"
"1"," -1.681466e+00"
"1","
20   "
"1"," -1.516908e+00"
"1","  2.231873e+01"
"1"," -2.496094e-01"
"1"," -1.378276e+00"
"1"," -2.448135e+00"
"1","  1.692798e+00"
"1"," -1.795377e+00"
"1","  6.258389e-01"
"1","  3.686068e-01"
"1","
21   "
"1","  4.347220e+00"
"1"," -1.599095e+00"
"1"," -3.434519e+00"
"1","  1.223612e+00"
"1"," -2.111479e+00"
"1","  8.068469e-01"
"1"," -1.492587e+00"
"1"," -7.055841e-01"
"1","  2.863805e-01"
"1","
22   "
"1","  2.427092e+00"
"1"," -7.850973e-01"
"1"," -1.711489e+00"
"1"," -1.877862e-02"
"1"," -7.510616e-01"
"1","  5.003174e-01"
"1"," -1.042152e+00"
"1","  2.363838e-01"
"1"," -7.714330e-01"
"1","
23   "
"1","  2.556374e+00"
"1"," -2.572047e+00"
"1"," -2.549751e-01"
"1","  1.135212e+00"
"1"," -8.249152e-01"
"1"," -7.549018e-02"
"1"," -1.508791e+00"
"1"," -1.743338e+00"
"1"," -2.155648e+00"
"1","
24   "
"1","  5.812267e-01"
"1"," -1.279337e+00"
"1"," -6.514869e-01"
"1","  1.351543e+00"
"1"," -5.646319e-01"
"1","  1.374957e-01"
"1"," -5.492265e-01"
"1"," -1.687847e-01"
"1"," -2.296877e+00"
"1","
25   "
"1","  2.473368e+00"
"1"," -9.698208e-01"
"1"," -1.243777e+00"
"1","  1.185290e+00"
"1","  4.253491e-01"
"1"," -3.595852e-01"
"1"," -2.224484e+00"
"1","  6.677150e-01"
"1"," -4.251284e-01"
"1","
26   "
"1","  4.045235e+00"
"1"," -1.514343e+00"
"1"," -2.863988e+00"
"1","  1.745580e+00"
"1"," -8.832615e-01"
"1","  2.164775e+00"
"1"," -2.255269e+00"
"1","  2.449731e-01"
"1"," -1.685755e-02"
"1","
27   "
"1","  1.801120e+00"
"1"," -9.111071e-01"
"1"," -2.591919e+00"
"1","  1.535936e+00"
"1"," -6.017924e-01"
"1","  9.898265e-01"
"1"," -1.002847e+00"
"1","  5.859817e-01"
"1","  4.532814e-01"
"1","
28   "
"1","  1.748248e+00"
"1"," -5.622374e-01"
"1"," -3.138407e-01"
"1","  1.402330e+00"
"1"," -7.408236e-01"
"1","  8.964742e-02"
"1"," -1.364370e+00"
"1","  1.415832e+00"
"1"," -5.360019e-02"
"1","
29   "
"1","  4.411644e+00"
"1"," -1.619978e+00"
"1"," -3.045283e+00"
"1","  1.841169e+00"
"1"," -1.541418e+00"
"1","  1.571775e+00"
"1"," -1.639917e+00"
"1"," -4.998447e-01"
"1"," -3.649672e-01"
"1","
30   "
"1","  1.188794e+00"
"1"," -9.341752e-01"
"1"," -2.310003e+00"
"1","  1.419915e+00"
"1","  3.178360e-02"
"1","  1.722495e+00"
"1","  2.827395e+00"
"1"," -1.795464e+00"
"1"," -2.351235e+00"
"1","
31   "
"1","  1.572143e+00"
"1"," -1.335975e+00"
"1"," -6.999721e-01"
"1","  1.658373e+00"
"1"," -3.612393e-03"
"1","  9.747622e-01"
"1","  1.135122e+00"
"1"," -1.375969e+00"
"1"," -6.856776e-01"
"1","
32   "
"1","  4.031078e+00"
"1"," -1.567680e+00"
"1"," -3.754070e+00"
"1","  2.638477e+00"
"1","  6.796454e-01"
"1","  2.128217e+00"
"1","  4.980452e+00"
"1"," -9.809803e-01"
"1","  1.036916e+00"
"1","
33   "
"1","  4.478690e+00"
"1"," -1.598828e+00"
"1"," -6.713717e+00"
"1","  4.696010e+00"
"1","  1.708712e+00"
"1","  5.010528e+00"
"1","  1.572752e+01"
"1"," -8.122602e-01"
"1","  4.137080e+00"
"1","
"
"1","     "
"1","         PC_19"
"1","         PC_20"
"1","         PC_21"
"1","         PC_22"
"1","         PC_23"
"1","         PC_24"
"1","         PC_25"
"1","         PC_26"
"1","         PC_27"
"1","
1    "
"1","  6.369800e-02"
"1","  3.152841e-01"
"1","  4.718336e-01"
"1"," -1.323486e+00"
"1","  6.905003e-01"
"1"," -1.297806e+00"
"1"," -1.944205e+00"
"1","  2.839115e-01"
"1"," -1.324737e+00"
"1","
2    "
"1"," -5.590541e-01"
"1","  8.311957e-01"
"1","  4.081003e-01"
"1"," -1.072326e+00"
"1","  3.161009e-01"
"1"," -1.521625e-01"
"1"," -1.123016e+00"
"1","  2.692391e-02"
"1"," -7.356740e-01"
"1","
3    "
"1","  1.752147e+00"
"1"," -1.932653e+00"
"1","  1.546384e+00"
"1","  5.195722e-01"
"1","  2.528641e-01"
"1","  1.373284e+00"
"1"," -1.472895e+00"
"1"," -1.622124e+00"
"1","  2.755948e+00"
"1","
4    "
"1"," -3.358556e+00"
"1"," -1.033419e-01"
"1","  4.630165e-01"
"1"," -4.792579e-01"
"1","  1.933959e-01"
"1"," -5.952610e-01"
"1","  1.700179e+00"
"1","  1.767601e-01"
"1"," -7.684756e-01"
"1","
5    "
"1","  2.504493e+00"
"1"," -4.958555e-01"
"1","  4.146016e-01"
"1"," -3.205382e+00"
"1","  8.562348e-02"
"1"," -6.494553e+00"
"1"," -4.351976e+00"
"1","  1.255321e+00"
"1"," -1.241811e+00"
"1","
6    "
"1"," -1.586388e+00"
"1","  3.311772e-01"
"1","  1.560802e-01"
"1","  2.142437e-01"
"1"," -4.141633e-02"
"1","  3.047841e-02"
"1","  1.187821e+00"
"1","  6.898223e-01"
"1"," -3.828601e-01"
"1","
7    "
"1"," -2.795251e-01"
"1","  7.431500e-02"
"1","  5.778968e-01"
"1"," -9.854054e-01"
"1","  8.094097e-01"
"1"," -1.274959e+00"
"1"," -1.426637e+00"
"1","  1.139084e+00"
"1"," -1.476026e+00"
"1","
8    "
"1"," -1.023506e+00"
"1"," -8.009855e-03"
"1"," -3.906527e-02"
"1"," -1.114325e+00"
"1"," -3.311046e-01"
"1"," -1.390873e-02"
"1","  6.629163e-01"
"1","  6.370390e-01"
"1"," -9.714346e-01"
"1","
9    "
"1"," -3.751544e-01"
"1","  1.747016e+00"
"1","  1.810208e-01"
"1"," -3.331977e+00"
"1"," -3.377330e-01"
"1"," -2.884307e-01"
"1","  1.138756e+00"
"1","  2.509054e+00"
"1"," -1.376075e+00"
"1","
10   "
"1"," -3.538366e+00"
"1","  1.203341e+00"
"1","  4.536717e-01"
"1","  2.217558e-01"
"1"," -4.625776e-01"
"1"," -2.982715e-01"
"1","  2.378237e+00"
"1"," -1.850309e-01"
"1","  4.850625e-01"
"1","
11   "
"1"," -2.357788e+00"
"1","  7.425702e-01"
"1"," -7.353433e-02"
"1","  6.972322e-02"
"1","  6.017647e-01"
"1","  3.205121e-01"
"1","  1.270643e+00"
"1"," -4.454589e-02"
"1","  7.658455e-01"
"1","
12   "
"1"," -3.273771e+00"
"1","  5.375047e-01"
"1","  6.519451e-01"
"1","  2.828864e-01"
"1"," -8.685175e-01"
"1","  9.497027e-01"
"1","  2.745846e+00"
"1"," -3.807592e-01"
"1"," -9.583264e-02"
"1","
13   "
"1"," -3.427243e+00"
"1","  1.446461e+00"
"1","  3.871350e-01"
"1","  7.196107e-01"
"1"," -7.882999e-01"
"1"," -8.528106e-01"
"1","  2.289686e+00"
"1","  4.632546e-02"
"1","  2.240338e-01"
"1","
14   "
"1"," -4.231382e+00"
"1","  1.426890e+00"
"1","  5.825641e-01"
"1","  4.943955e-01"
"1"," -4.867984e-01"
"1"," -1.906971e-01"
"1","  2.714689e+00"
"1"," -3.079224e-01"
"1","  8.764967e-01"
"1","
15   "
"1"," -4.864126e+00"
"1","  3.094761e-01"
"1","  5.065315e-01"
"1","  5.944516e-01"
"1"," -1.674714e-01"
"1"," -8.591603e-01"
"1","  2.435836e+00"
"1","  2.477974e-01"
"1","  8.326964e-02"
"1","
16   "
"1","  1.121688e-02"
"1","  8.064450e-01"
"1"," -6.386338e-02"
"1"," -9.706509e-01"
"1","  1.018698e+00"
"1"," -1.403784e+00"
"1"," -2.357634e+00"
"1","  7.385264e-01"
"1"," -1.252988e+00"
"1","
17   "
"1"," -9.882607e-01"
"1","  1.394213e+00"
"1","  4.124935e-01"
"1"," -1.819122e+00"
"1","  6.196528e-01"
"1"," -9.919852e-01"
"1"," -4.409887e-01"
"1","  8.402506e-01"
"1"," -1.468656e+00"
"1","
18   "
"1"," -6.045980e-01"
"1","  1.093678e+00"
"1","  2.845436e-01"
"1","  5.695616e-01"
"1","  4.416183e-01"
"1","  4.602501e-01"
"1"," -7.245566e-01"
"1"," -3.673715e-01"
"1"," -7.482138e-01"
"1","
19   "
"1"," -7.442488e-01"
"1","  3.753183e-01"
"1","  8.522836e-01"
"1"," -3.357208e-02"
"1","  1.742261e-01"
"1","  3.714351e-02"
"1","  1.276757e+00"
"1"," -2.176608e-01"
"1"," -3.833112e-01"
"1","
20   "
"1","  1.214580e+00"
"1"," -5.341337e-01"
"1","  6.407558e-01"
"1","  4.854491e-01"
"1","  5.313831e-01"
"1","  7.993767e-02"
"1","  2.861885e-02"
"1","  1.330176e+00"
"1","  3.369531e-02"
"1","
21   "
"1"," -3.829645e+00"
"1"," -1.275357e-01"
"1"," -7.990890e-01"
"1","  6.296553e-01"
"1"," -7.916802e-02"
"1","  2.879446e-01"
"1","  2.437929e+00"
"1","  4.617716e-01"
"1"," -3.787683e-01"
"1","
22   "
"1"," -9.359524e-01"
"1","  1.787929e-01"
"1","  4.626069e-01"
"1"," -1.073288e-01"
"1","  8.209631e-01"
"1"," -6.642144e-01"
"1"," -5.826499e-01"
"1","  5.086181e-01"
"1"," -1.484774e+00"
"1","
23   "
"1"," -2.820538e+00"
"1","  8.545963e-01"
"1"," -3.348570e-01"
"1"," -5.033117e-01"
"1"," -1.327696e-01"
"1"," -7.021250e-01"
"1","  1.426566e+00"
"1","  3.943349e-01"
"1"," -5.615197e-01"
"1","
24   "
"1"," -1.129829e+00"
"1","  2.965122e-02"
"1","  7.852414e-02"
"1"," -6.019422e-01"
"1","  4.787039e-01"
"1"," -7.301026e-01"
"1","  6.402159e-01"
"1","  4.439645e-01"
"1","  9.940720e-01"
"1","
25   "
"1"," -8.941325e-01"
"1","  1.771088e-01"
"1"," -1.871108e-02"
"1"," -6.867831e-01"
"1","  1.134372e+00"
"1"," -2.172162e+00"
"1"," -1.101599e+00"
"1","  7.508346e-02"
"1"," -4.080593e-01"
"1","
26   "
"1"," -4.313796e+00"
"1","  1.509427e+00"
"1","  4.662768e-01"
"1","  5.348359e-01"
"1"," -3.554718e-01"
"1"," -1.372652e+00"
"1","  1.761531e+00"
"1","  5.748377e-01"
"1","  5.034438e-02"
"1","
27   "
"1"," -1.656829e+00"
"1"," -1.479449e-01"
"1","  5.709205e-01"
"1","  2.179062e-01"
"1","  1.060753e-01"
"1"," -9.680433e-01"
"1","  4.846483e-01"
"1","  9.783077e-01"
"1","  1.113527e+00"
"1","
28   "
"1"," -6.416207e-01"
"1"," -1.044100e-01"
"1"," -8.236832e-02"
"1"," -1.216293e+00"
"1","  8.343634e-01"
"1"," -8.110965e-01"
"1"," -2.025167e+00"
"1","  7.276888e-02"
"1"," -3.408069e-01"
"1","
29   "
"1"," -4.462294e+00"
"1","  2.850353e-01"
"1","  3.262015e-01"
"1"," -4.616735e-01"
"1","  1.383602e-01"
"1"," -4.102861e-01"
"1","  2.380182e+00"
"1","  8.219693e-01"
"1"," -3.651844e-01"
"1","
30   "
"1","  2.471588e+00"
"1","  9.447671e-01"
"1","  1.931503e-01"
"1","  5.512998e-04"
"1","  1.076538e-01"
"1","  7.615008e-01"
"1","  1.195867e-01"
"1","  1.167203e-01"
"1"," -2.778208e-01"
"1","
31   "
"1"," -6.496456e-01"
"1"," -8.216610e-01"
"1"," -7.667737e-02"
"1","  5.978116e-01"
"1","  7.204243e-02"
"1"," -2.515267e-01"
"1","  6.070799e-02"
"1"," -8.374405e-01"
"1","  1.252936e+00"
"1","
32   "
"1","  1.103539e+00"
"1","  9.876256e-02"
"1"," -1.231833e-01"
"1","  1.135291e+00"
"1"," -2.528626e-01"
"1","  8.447635e-01"
"1","  1.483027e+00"
"1"," -2.001274e-01"
"1"," -6.301960e-01"
"1","
33   "
"1","  1.043103e+01"
"1"," -7.747718e-01"
"1"," -1.229257e+00"
"1","  2.819547e+00"
"1"," -1.179743e+00"
"1","  2.675426e+00"
"1","  9.357547e-01"
"1"," -8.149061e-01"
"1"," -2.012884e+00"
"1","
"
"1","     "
"1","         PC_28"
"1","         PC_29"
"1","         PC_30"
"1","
1    "
"1","  5.854215e-01"
"1"," -3.862825e-02"
"1","  2.572049e-01"
"1","
2    "
"1","  3.017373e-01"
"1"," -4.935096e-01"
"1"," -5.302592e-02"
"1","
3    "
"1","  1.023638e+00"
"1","  6.331798e+00"
"1","  2.136234e+00"
"1","
4    "
"1"," -3.863442e-01"
"1","  2.893496e-01"
"1"," -6.600319e-02"
"1","
5    "
"1","  2.470566e+00"
"1"," -2.106783e+00"
"1","  2.529202e+00"
"1","
6    "
"1"," -1.868006e-01"
"1","  4.129657e-01"
"1","  2.939003e-01"
"1","
7    "
"1"," -2.074708e-01"
"1"," -1.471256e-01"
"1"," -3.619660e-01"
"1","
8    "
"1"," -7.073152e-01"
"1"," -1.913431e+00"
"1","  3.670107e-03"
"1","
9    "
"1"," -4.701170e+00"
"1"," -1.360514e+00"
"1"," -1.578645e+00"
"1","
10   "
"1"," -1.114317e+00"
"1","  5.506757e-01"
"1","  2.378656e-01"
"1","
11   "
"1"," -1.210645e+00"
"1","  2.573672e+00"
"1","  1.603598e+00"
"1","
12   "
"1"," -3.140794e-01"
"1","  1.171103e-01"
"1","  3.719763e-01"
"1","
13   "
"1"," -9.938739e-01"
"1","  5.279359e-01"
"1","  2.219758e-01"
"1","
14   "
"1"," -6.226989e-01"
"1","  2.975195e-01"
"1","  2.280140e-01"
"1","
15   "
"1"," -5.914783e-01"
"1","  3.796690e-01"
"1","  1.858449e-01"
"1","
16   "
"1","  9.785710e-01"
"1"," -9.906710e-02"
"1"," -9.181031e-02"
"1","
17   "
"1","  3.955382e-01"
"1"," -5.365246e-01"
"1"," -5.545119e-01"
"1","
18   "
"1"," -1.862400e-01"
"1","  3.003440e+00"
"1","  1.069274e+00"
"1","
19   "
"1","  8.137485e-04"
"1"," -9.359320e-02"
"1"," -3.941541e-01"
"1","
20   "
"1","  4.999846e-01"
"1"," -7.206770e-01"
"1"," -2.295743e-01"
"1","
21   "
"1","  1.077893e+00"
"1","  3.856459e-01"
"1","  1.645724e-01"
"1","
22   "
"1","  5.935879e-02"
"1","  5.164870e-02"
"1"," -3.937494e-02"
"1","
23   "
"1"," -3.805960e-01"
"1"," -6.834959e-01"
"1"," -2.849808e-01"
"1","
24   "
"1"," -1.808572e+00"
"1","  3.386686e+00"
"1","  3.915110e-01"
"1","
25   "
"1","  1.794728e+00"
"1"," -3.730723e-01"
"1"," -1.682788e-01"
"1","
26   "
"1","  2.339798e-01"
"1"," -2.788636e-01"
"1","  1.323181e-01"
"1","
27   "
"1"," -1.073656e-01"
"1"," -7.494616e-01"
"1","  2.754196e-02"
"1","
28   "
"1","  6.228626e-01"
"1"," -5.559084e-01"
"1"," -1.715734e-01"
"1","
29   "
"1"," -6.803720e-02"
"1","  3.530115e-01"
"1"," -2.300819e-02"
"1","
30   "
"1"," -7.199088e-01"
"1"," -3.398017e-01"
"1","  2.276832e-01"
"1","
31   "
"1"," -5.646485e-01"
"1","  4.612975e+00"
"1","  2.187979e+00"
"1","
32   "
"1"," -3.402865e-01"
"1","  9.011626e-02"
"1"," -6.841200e-01"
"1","
33   "
"1"," -4.337293e-01"
"1"," -1.214429e+00"
"1"," -2.631452e-01"
"1","
"
"1"," [ reached 'max' / getOption(""max.print"") -- omitted"
"1"," 36520 rows"
"1"," ]
"
