"p_val","avg_log2FC","pct.1","pct.2","p_val_adj","cluster","gene"
0,5.11611033889989,0.825,0.085,0,"0","Opalin"
0,4.1918457944832,0.847,0.116,0,"0","Sox10"
0,3.90021593040961,0.952,0.283,0,"0","Gjc3"
0,1.44551851883692,0.806,0.28,0,"0","Prox1"
0,3.50770931869328,0.662,0.162,0,"0","Vwc2l"
0,2.37814974936839,0.858,0.378,0,"0","Sema6a"
0,3.7221652951821,0.536,0.065,0,"0","Adamtsl1"
0,2.55380701572821,0.831,0.37,0,"0","Zfp536"
0,1.69967185882358,0.689,0.254,0,"0","Cobll1"
0,1.95073866271499,0.794,0.373,0,"0","Gfap"
0,1.76803230177814,0.637,0.222,0,"0","Tmem163"
0,1.71007158972736,0.946,0.581,0,"0","Clmn"
0,1.8474155113278,0.564,0.25,0,"0","Chrm2"
0,1.42854604090999,0.679,0.368,0,"0","Arhgef28"
0,1.78318175508254,0.944,0.649,0,"0","Gng12"
0,1.41847517134256,0.66,0.366,0,"0","Cdh20"
0,1.76453893456874,0.382,0.096,0,"0","Carmn"
0,2.13871887889101,0.253,0.063,0,"0","Fign"
0,1.26945607324797,0.96,0.776,0,"0","Dpy19l1"
0,1.41395408371561,0.78,0.602,0,"0","Igfbp5"
7.93242139026327e-254,1.85269355170007,0.239,0.077,1.96724050478529e-251,"0","Adamts2"
1.32695601497957e-222,0.745193061473346,0.278,0.103,3.29085091714932e-220,"0","Gpr17"
2.45287237146043e-198,0.892765111275922,0.548,0.359,6.08312348122186e-196,"0","Lyz2"
2.88567428264746e-172,1.46529562040527,0.189,0.065,7.15647222096569e-170,"0","Ano1"
4.23550206862523e-163,0.681104829054422,0.564,0.366,1.05040451301906e-160,"0","Parm1"
9.68424559126518e-140,1.06338586469939,0.202,0.08,2.40169290663376e-137,"0","Sema3d"
2.71594299304239e-113,1.24785304332659,0.281,0.152,6.73553862274512e-111,"0","Arhgap6"
1.13845191788841e-112,0.444073446546814,0.895,0.818,2.82336075636326e-110,"0","Bhlhe40"
3.70098210452122e-112,1.30899079137891,0.315,0.185,9.17843561921263e-110,"0","Syt17"
8.78477272305888e-95,0.476727638153808,0.565,0.41,2.1786236353186e-92,"0","Tanc1"
4.8865869137112e-84,1.03112253268031,0.133,0.055,1.21187355460038e-81,"0","Pde11a"
2.57909323609667e-52,0.871755566350205,0.187,0.108,6.39615122551973e-50,"0","Eya4"
2.35808261279869e-45,0.338565665171926,0.568,0.47,5.84804487974074e-43,"0","Rmst"
1.11653303430067e-44,1.11608980730774,0.129,0.069,2.76900192506565e-42,"0","Pkib"
6.84230243498351e-44,0.51426720198374,0.44,0.349,1.69689100387591e-41,"0","Arhgap12"
1.31344871289564e-41,0.469977617509417,0.301,0.433,3.25735280798119e-39,"0","Sox11"
1.38522280853614e-41,0.743285169502915,0.1,0.049,3.43535256516962e-39,"0","Ebf3"
1.70960815859267e-31,0.56115850537573,0.303,0.229,4.23982823330982e-29,"0","Gli3"
4.5120542006731e-29,0.807854672246724,0.184,0.125,1.11898944176693e-26,"0","Deptor"
3.83520448548408e-28,0.510994478598368,0.259,0.19,9.51130712400051e-26,"0","Kcnmb2"
1.03644417836143e-25,0.638121435326877,0.184,0.128,2.57038156233635e-23,"0","Cwh43"
2.75420233429513e-24,0.29497965480736,0.669,0.615,6.83042178905193e-22,"0","Ntsr2"
1.17415081800353e-21,0.889565475714379,0.157,0.11,2.91189402864876e-19,"0","Cplx3"
7.83768105401833e-21,0.501498400422777,0.445,0.404,1.94374490139655e-18,"0","Hat1"
5.37320488624495e-20,0.280155051403528,0.26,0.199,1.33255481178875e-17,"0","Pou3f1"
6.25048292730876e-20,0.638246151556567,0.219,0.167,1.55011976597257e-17,"0","Angpt1"
1.9818587486655e-17,0.378701391209057,0.574,0.527,4.91500969669044e-15,"0","Aqp4"
2.73060168644413e-08,0.34423515498803,0.304,0.272,6.77189218238145e-06,"0","Rfx4"
0,2.81821171743252,0.983,0.337,0,"1","Lamp5"
0,2.37680672805194,0.917,0.291,0,"1","Pdzrn3"
0,2.14201162388227,0.891,0.275,0,"1","Igfbp6"
0,2.58838528356258,0.772,0.202,0,"1","Gsg1l"
0,1.90858436283503,0.938,0.403,0,"1","Tmem132d"
0,2.20809149892371,0.821,0.293,0,"1","Calb1"
0,1.53313430595847,0.921,0.393,0,"1","Satb2"
0,1.67847522928043,0.907,0.399,0,"1","Gucy1a1"
0,2.46543638369493,0.916,0.414,0,"1","Rasgrf2"
0,1.985464535652,0.932,0.442,0,"1","Cux2"
0,1.5844384855146,0.796,0.331,0,"1","Ndst3"
0,0.542373932556129,0.796,0.332,0,"1","Nwd2"
0,1.82061761846619,0.668,0.223,0,"1","Sema3a"
0,1.7899089327323,0.727,0.282,0,"1","Sorcs3"
0,1.82444292132503,0.527,0.141,0,"1","Col19a1"
0,0.76673743407218,0.789,0.408,0,"1","Necab1"
0,1.23135639986889,0.871,0.49,0,"1","Pde7b"
0,1.02032758423198,0.909,0.53,0,"1","Fhod3"
0,0.732094036605421,0.775,0.399,0,"1","Bhlhe22"
0,1.79067771277789,0.538,0.163,0,"1","Penk"
0,1.13788165413022,0.889,0.527,0,"1","Meis2"
0,0.985479501645573,0.688,0.33,0,"1","Pdzd2"
0,1.0890024516188,0.717,0.367,0,"1","Syndig1"
0,1.34219107876999,0.615,0.275,0,"1","Bdnf"
0,1.22409100632981,0.945,0.611,0,"1","Mapk4"
0,1.02798864395267,0.974,0.646,0,"1","Rims3"
0,0.764822792121648,0.964,0.662,0,"1","2010300C02Rik"
0,0.919607332522418,0.992,0.757,0,"1","Epha4"
0,0.697211540614761,0.987,0.803,0,"1","Id2"
0,0.972335226694275,0.975,0.813,0,"1","Bhlhe40"
0,0.817778738934696,1,0.85,0,"1","Nrn1"
0,0.656521418783836,1,0.87,0,"1","Slc17a7"
8.33773128719929e-317,0.975569386158454,0.826,0.54,2.06775735922542e-314,"1","Kcnh5"
6.81472022040881e-309,0.993948339660492,0.589,0.262,1.69005061466139e-306,"1","Rasl10a"
3.31582472997228e-295,1.4645247454516,0.573,0.29,8.22324533033126e-293,"1","Wfs1"
3.41710221853332e-287,1.22053215502106,0.565,0.271,8.47441350196263e-285,"1","Cdh6"
9.97634298055729e-267,1.46015064407843,0.396,0.151,2.47413305917821e-264,"1","Cdh4"
2.98140396521938e-255,0.438080559559124,0.777,0.432,7.39388183374407e-253,"1","Pip5k1b"
3.67957167415892e-231,0.57226220107918,0.727,0.411,9.12533775191413e-229,"1","Car4"
1.46863861656154e-216,0.517484145486482,0.611,0.3,3.64222376907262e-214,"1","Prdm8"
3.87853171929756e-214,0.617803516353292,0.71,0.406,9.61875866385795e-212,"1","Igfbp4"
2.02977870405129e-199,0.556184213816884,0.415,0.175,5.0338511860472e-197,"1","Strip2"
1.39182722590091e-192,1.0201454909347,0.573,0.329,3.45173152023426e-190,"1","Cpne8"
1.5550180585832e-176,0.97526921312826,0.353,0.147,3.85644478528633e-174,"1","Cbln4"
4.59780865489615e-158,0.355090114533891,0.698,0.399,1.14025654641424e-155,"1","Slit2"
5.19638791104567e-157,1.01014044933028,0.409,0.201,1.28870420193933e-154,"1","Prr16"
6.10512422916769e-150,0.358558571674134,0.566,0.302,1.51407080883359e-147,"1","Slc17a6"
3.86676675214446e-146,0.38021117130749,0.636,0.384,9.58958154531826e-144,"1","Cpne6"
3.87837006762668e-137,1.07752205091739,0.344,0.164,9.61835776771417e-135,"1","Npnt"
2.36960126864e-135,0.545728391137723,0.895,0.724,5.8766111462272e-133,"1","Dkk3"
1.40846826475057e-133,0.656758355131424,0.589,0.364,3.49300129658142e-131,"1","Nell1"
2.22364974661536e-120,0.282433197450734,0.965,0.742,5.51465137160609e-118,"1","Arc"
6.84743853936565e-117,0.389360393772038,0.728,0.47,1.69816475776268e-114,"1","Neurod6"
6.86602250657775e-108,0.595957475288056,0.46,0.261,1.70277358163128e-105,"1","Myo16"
1.22767752469298e-99,0.531142921633558,0.816,0.645,3.0446402612386e-97,"1","Nrep"
1.52824560518295e-94,0.367342264092465,0.474,0.275,3.79004910085372e-92,"1","Mdga1"
1.35101013246255e-74,0.307281233134043,0.628,0.427,3.35050512850712e-72,"1","Neto2"
3.06986522174697e-71,0.901928607984325,0.104,0.037,7.61326574993249e-69,"1","Crh"
1.27407971965792e-62,0.549461380615617,0.291,0.165,3.15971770475164e-60,"1","Rspo1"
2.15933495482944e-39,0.46177197616878,0.295,0.191,5.355150687977e-37,"1","Syt17"
5.04936254768526e-31,0.730887904084417,0.137,0.077,1.25224191182594e-28,"1","Gm19410"
5.32980606253881e-20,0.57968971621121,0.143,0.092,1.32179190350962e-17,"1","Fos"
0,2.39881451461766,0.958,0.434,0,"2","Slc39a12"
0,2.29461661674054,0.762,0.243,0,"2","Rfx4"
0,2.40496195155228,0.709,0.208,0,"2","Hapln1"
0,2.42705006307951,0.678,0.207,0,"2","Gli3"
0,1.544489206782,0.947,0.504,0,"2","Aqp4"
0,1.26781526164504,0.89,0.492,0,"2","Rorb"
0,2.1722175688188,0.991,0.596,0,"2","Ntsr2"
0,0.98693716451538,0.881,0.536,0,"2","Meis2"
0,1.24841838913677,0.801,0.459,0,"2","Rmst"
0,2.15018903723486,0.997,0.661,0,"2","Acsbg1"
0,0.907769382770905,0.917,0.603,0,"2","Clmn"
0,1.06876294807419,0.975,0.746,0,"2","Arc"
0,1.38648926393596,0.994,0.806,0,"2","Id2"
3.46698644624299e-300,1.48291115419369,0.629,0.311,8.59812638668262e-298,"2","Lypd6"
7.39408446242229e-271,1.25058409362396,0.691,0.38,1.83373294668073e-268,"2","Cdh20"
3.59877260904036e-201,0.816166900313055,0.84,0.626,8.9249560704201e-199,"2","Mapk4"
3.68998780382342e-177,0.636680148366046,0.877,0.669,9.15116975348209e-175,"2","Gng12"
3.0517286015561e-158,0.550985014683429,0.954,0.724,7.56828693185913e-156,"2","Dkk3"
4.43340835838076e-146,0.727640637723146,0.78,0.596,1.09948527287843e-143,"2","Tle4"
1.75695650541988e-143,0.437757124576172,0.954,0.802,4.35725213344131e-141,"2","Dner"
2.71489675395282e-128,1.02921364622975,0.457,0.245,6.73294394980299e-126,"2","Unc13c"
3.52640971246503e-90,0.910077802880205,0.456,0.272,8.74549608691327e-88,"2","Tox"
2.53738547425879e-86,0.409217297356832,0.935,0.82,6.29271597616179e-84,"2","Bhlhe40"
1.47383844686146e-79,1.19547821190383,0.308,0.163,3.65511934821643e-77,"2","Cdh4"
5.75318921132178e-78,0.526685332817087,0.487,0.302,1.4267909244078e-75,"2","Wfs1"
1.36931146409956e-68,0.649465197926631,0.438,0.268,3.39589243096692e-66,"2","Fezf2"
2.37153783191741e-49,0.594552484037155,0.608,0.475,5.88141382315517e-47,"2","Cux2"
4.78065287282676e-40,0.62673642758589,0.2,0.11,1.18560191246104e-37,"2","Cplx3"
8.35274193586806e-19,0.485881640118762,0.244,0.171,2.07148000009528e-16,"2","Rspo1"
6.17331003795086e-16,0.672426541190501,0.107,0.063,1.53098088941181e-13,"2","Cd44"
1.04160835959797e-13,0.35017799372874,0.399,0.33,2.58318873180296e-11,"2","Igsf21"
7.7897478221661e-10,0.48109615937834,0.175,0.132,1.93185745989719e-07,"2","Stard5"
4.19124230521304e-07,0.280896511265563,0.254,0.21,0.000103942809169283,"2","Hs3st2"
6.91784533743907e-07,0.253177245203249,0.253,0.209,0.000171562564368489,"2","Zfpm2"
1.24023916125862e-05,0.332630141573813,0.251,0.217,0.00307579311992137,"2","Prr16"
0,4.39723947851049,0.98,0.115,0,"3","Cldn5"
0,3.97049344473439,0.96,0.148,0,"3","Adgrl4"
0,3.53643582713003,0.936,0.148,0,"3","Pecam1"
0,3.10967598614242,0.962,0.185,0,"3","Fn1"
0,3.57487190711984,0.869,0.111,0,"3","Acvrl1"
0,3.75259877632172,0.987,0.229,0,"3","Ly6a"
0,3.52136707201464,0.885,0.13,0,"3","Kdr"
0,4.15095245317219,0.808,0.089,0,"3","Pglyrp1"
0,3.90529256750955,0.757,0.07,0,"3","Emcn"
0,4.1970923362027,0.746,0.064,0,"3","Nostrin"
0,4.2932884658846,0.715,0.047,0,"3","Sox17"
0,3.47680974624204,0.744,0.084,0,"3","Fgd5"
0,3.62325802260496,0.73,0.075,0,"3","Cd93"
0,3.9281461378042,0.65,0.061,0,"3","Zfp366"
0,3.36954060941106,0.652,0.078,0,"3","Mecom"
0,3.45441977972424,0.608,0.061,0,"3","Paqr5"
0,3.43419888494535,0.583,0.067,0,"3","Slfn5"
0,1.56315845632792,0.766,0.272,0,"3","Cobll1"
0,2.12680119130846,0.84,0.411,0,"3","Car4"
4.08805588873089e-100,0.437164894004283,0.307,0.138,1.01383786040526e-97,"3","Ccn2"
2.93312104754045e-92,0.601533112522016,0.843,0.755,7.27414019790031e-90,"3","Arc"
9.77211167079754e-84,0.312729696318646,0.847,0.671,2.42348369435779e-81,"3","Acsbg1"
2.1677045953232e-70,0.304120555058545,0.628,0.42,5.37590739640153e-68,"3","Sema6a"
5.47324368550608e-53,0.307251431279691,0.677,0.515,1.35736443400551e-50,"3","Kctd12"
7.69965318566411e-43,0.590846669109274,0.38,0.25,1.9095139900447e-40,"3","Unc13c"
5.66506050801092e-42,0.907288739988257,0.138,0.063,1.40493500598671e-39,"3","Prph"
4.68043023682856e-37,0.487002238200629,0.517,0.394,1.16074669873348e-34,"3","Hpcal1"
1.55022559648334e-15,0.401072838296925,0.229,0.163,3.84455947927869e-13,"3","Arhgap6"
0,3.43267123803952,0.935,0.284,0,"4","Slc17a6"
0,4.01258754774136,0.75,0.104,0,"4","Calb2"
0,1.98182259660148,0.843,0.244,0,"4","Necab2"
0,2.4901379312408,0.774,0.235,0,"4","Tmem163"
0,1.9615365696041,0.618,0.164,0,"4","Btbd11"
0,2.1612289178666,0.662,0.248,0,"4","Rnf152"
0,1.1077633951503,0.695,0.316,0,"4","Prox1"
0,1.79260555959873,0.586,0.216,0,"4","Inpp4b"
0,1.4609167226387,0.599,0.237,0,"4","Cacna2d2"
0,1.82867599746183,0.507,0.176,0,"4","Foxp2"
0,2.87452805307467,0.392,0.064,0,"4","Fign"
0,2.38186745223992,0.409,0.103,0,"4","Plch1"
0,1.54097807461802,0.905,0.659,0,"4","Rims3"
0,1.45212658727676,0.843,0.608,0,"4","Clmn"
0,3.19050556728981,0.278,0.057,0,"4","Cbln1"
0,1.0234204909072,0.985,0.799,0,"4","Dner"
2.77317590765955e-306,2.42168141651214,0.422,0.148,6.87747625099569e-304,"4","Tmem255a"
9.80564097048451e-290,1.72016101653688,0.66,0.365,2.43179896068016e-287,"4","Nell1"
2.22786576826613e-271,1.29989260155973,0.573,0.251,5.5251071053e-269,"4","Cntnap4"
2.03321746567309e-255,1.1637029061604,0.685,0.356,5.04237931486928e-253,"4","Thsd7a"
4.1652096699278e-244,2.31002768406643,0.328,0.107,1.0329719981421e-241,"4","Opn3"
2.83854142473414e-237,1.79697290738651,0.519,0.241,7.03958273334066e-235,"4","Unc13c"
4.45273675903608e-208,1.54324448320623,0.688,0.467,1.10427871624095e-205,"4","Rmst"
7.18609408380308e-201,1.00516481240391,0.68,0.416,1.78215133278316e-198,"4","Sema6a"
9.33329564327166e-176,1.21590681923287,0.762,0.516,2.31465731953137e-173,"4","Aqp4"
5.55667192481409e-164,0.576693580448393,0.985,0.855,1.37805463735389e-161,"4","Nrn1"
3.91668390585872e-156,0.775454960466963,0.715,0.442,9.71337608652964e-154,"4","Cpne4"
2.84709928955055e-151,1.56696523320574,0.267,0.095,7.06080623808537e-149,"4","Sncg"
7.75761393305277e-145,0.689539724732976,0.496,0.24,1.92388825539709e-142,"4","Nr2f2"
2.70151850898972e-138,1.79686973663141,0.142,0.034,6.69976590229451e-136,"4","Tacr1"
3.70032263072769e-119,0.819108468850729,0.497,0.272,9.17680012420466e-117,"4","Sdk2"
1.11276767753727e-115,1.00901267976349,0.664,0.454,2.75966384029243e-113,"4","Slc39a12"
2.56297882151334e-114,0.92812865649165,0.46,0.266,6.35618747735308e-112,"4","Vat1l"
7.15190143015308e-113,0.88048586054979,0.609,0.415,1.77367155467796e-110,"4","Tanc1"
1.37083807840582e-110,1.10416019831069,0.481,0.273,3.39967843444644e-108,"4","Chrm2"
1.04687356840768e-100,0.464504845631414,0.714,0.504,2.59624644965104e-98,"4","Rorb"
1.6791415424866e-97,1.68063879139854,0.553,0.433,4.16427102536676e-95,"4","Necab1"
9.14034214429741e-92,1.40078884393178,0.269,0.125,2.26680485178576e-89,"4","Cwh43"
2.23311724806578e-88,0.705553852117652,0.763,0.612,5.53813077520313e-86,"4","Ntsr2"
8.99708986862819e-85,0.830920557713376,0.601,0.446,2.23127828741979e-82,"4","Cntn6"
3.25573536296562e-80,1.22072602589397,0.18,0.07,8.07422370015474e-78,"4","Sntb1"
1.34895686977725e-79,0.622131101249407,0.544,0.347,3.34541303704757e-77,"4","Arhgap12"
5.12205452948405e-79,0.714418142653663,0.803,0.674,1.27026952331204e-76,"4","Acsbg1"
9.57624564100397e-71,0.876988323306899,0.435,0.274,2.37490891896898e-68,"4","Tox"
4.79756164877707e-67,1.01793515828687,0.414,0.266,1.18979528889671e-64,"4","Rfx4"
6.58046591005104e-65,0.98312230299575,0.301,0.165,1.63195554569266e-62,"4","Angpt1"
1.66393019314238e-60,1.28175212489113,0.163,0.07,4.1265468789931e-58,"4","Pkib"
2.30633687367267e-51,0.719613282463509,0.322,0.19,5.71971544670822e-49,"4","Kcnmb2"
4.96527332128119e-50,0.616083698040404,0.53,0.391,1.23138778367773e-47,"4","Cdh20"
1.06167000458228e-38,0.46192123330446,0.611,0.516,2.63294161136406e-36,"4","Pde7b"
9.52899537426999e-37,0.582197918545163,0.643,0.533,2.36319085281896e-34,"4","Plcxd2"
1.19929303990916e-30,0.683020477660796,0.165,0.091,2.97424673897472e-28,"4","Adamts2"
2.64839832165012e-27,0.504001565868298,0.382,0.285,6.5680278376923e-25,"4","Nrp2"
6.89649127856027e-26,0.418637301015553,0.327,0.228,1.71032983708295e-23,"4","Galnt14"
1.28110117713283e-25,0.745583131905181,0.181,0.111,3.17713091928941e-23,"4","Kctd8"
1.82811163061578e-24,0.397379071432108,0.426,0.328,4.53371684392714e-22,"4","Igsf21"
1.43947470387856e-23,1.27613387250178,0.345,0.288,3.56989726561882e-21,"4","Mdga1"
1.03852552939522e-22,0.678780845829327,0.198,0.128,2.57554331290014e-20,"4","Deptor"
2.602300860371e-14,0.465205318078205,0.259,0.196,6.45370613372008e-12,"4","Syt17"
6.05454465244957e-08,0.758543762916555,0.371,0.371,1.50152707380749e-05,"4","Nwd2"
1.36404754492662e-07,0.334438748937755,0.171,0.132,3.38283791141803e-05,"4","Stard5"
2.68949693299567e-07,0.264915541592705,0.28,0.234,6.66995239382926e-05,"4","Gli3"
0,6.27460179137167,0.903,0.057,0,"5","Dcn"
0,4.27078048289552,0.918,0.09,0,"5","Igf2"
0,7.43710447403233,0.753,0.017,0,"5","Aldh1a2"
0,6.01808081888714,0.747,0.041,0,"5","Col1a1"
0,3.25479286096597,0.864,0.215,0,"5","Nr2f2"
0,6.75538850589825,0.631,0.025,0,"5","Fmod"
0,5.605789657606,0.633,0.034,0,"5","Cyp1b1"
0,3.6687340660412,0.634,0.066,0,"5","Slc13a4"
0,2.3158128161482,0.743,0.176,0,"5","Pdgfra"
0,3.20298259154885,0.755,0.199,0,"5","Fn1"
0,5.3916732964745,0.56,0.037,0,"5","Gjb2"
0,5.81449698239064,0.502,0.025,0,"5","Spp1"
0,3.10711930413831,0.585,0.119,0,"5","Ccn2"
0,2.77151722259793,0.563,0.132,0,"5","Acvrl1"
0,2.55002940712853,0.58,0.172,0,"5","Pecam1"
0,3.00637136375009,0.478,0.092,0,"5","Cd93"
0,2.21025638376438,0.63,0.253,0,"5","Ly6a"
0,4.786841571373,0.43,0.088,0,"5","Acta2"
0,2.14991516816417,0.521,0.181,0,"5","Col6a1"
0,2.28639189511476,0.489,0.157,0,"5","Kdr"
0,1.99501694299182,0.479,0.149,0,"5","Cldn5"
0,2.51147853454083,0.407,0.107,0,"5","Fgd5"
0,2.54125016338783,0.381,0.111,0,"5","Carmn"
0,5.12616779403799,0.159,0.016,0,"5","Pln"
1.33002471860464e-320,1.8523767005839,0.49,0.179,3.2984613021395e-318,"5","Adgrl4"
3.16296999631816e-309,2.23050673022101,0.323,0.085,7.84416559086904e-307,"5","Slfn5"
1.18360474216233e-281,2.1063822506303,0.338,0.099,2.93533976056257e-279,"5","Mecom"
3.20339210723882e-253,2.21541514952177,0.281,0.076,7.94441242595227e-251,"5","Sox17"
5.23753270963124e-246,1.94544861649598,0.649,0.405,1.29890811198855e-243,"5","Gfap"
6.15350888078685e-234,2.12812340815287,0.232,0.057,1.52607020243514e-231,"5","Prph"
1.09249181473697e-221,2.02315535730197,0.282,0.083,2.70937970054769e-219,"5","Paqr5"
6.75266593851729e-213,2.26063664254194,0.591,0.367,1.67466115275229e-210,"5","Lyz2"
1.54352649951353e-196,1.27741216523154,0.763,0.613,3.82794571879357e-194,"5","Igfbp5"
4.76129060947562e-191,1.15005395070092,0.562,0.285,1.18080007114995e-188,"5","Cobll1"
1.11881999771181e-183,1.74166675357545,0.379,0.159,2.7746735943253e-181,"5","Angpt1"
3.92054656880917e-146,1.67026741904878,0.25,0.088,9.72295549064674e-144,"5","Zfp366"
2.43861766016157e-135,0.914803882645177,0.506,0.277,6.04777179720071e-133,"5","Nrp2"
7.02136672583359e-118,1.62759075076757,0.258,0.104,1.74129894800673e-115,"5","Emcn"
6.23019828940427e-111,1.77672894045246,0.177,0.059,1.54508917577226e-108,"5","Cd44"
3.2320394380391e-97,1.69230418920669,0.216,0.087,8.01545780633698e-95,"5","Adamts2"
5.70059642803082e-92,0.967163699990385,0.613,0.42,1.41374791415164e-89,"5","Igfbp4"
8.98025166545773e-90,1.25997010639116,0.231,0.099,2.22710241303352e-87,"5","Nostrin"
1.90203972213325e-80,1.57119775055619,0.167,0.064,4.71705851089046e-78,"5","Ror1"
4.43886986809871e-73,1.30647264348318,0.198,0.086,1.10083972728848e-70,"5","Sema3d"
2.37612219668941e-70,1.13063576094489,0.254,0.127,5.89278304778974e-68,"5","Pglyrp1"
3.06784927937079e-69,0.936502221697228,0.194,0.084,7.60826621283955e-67,"5","Cspg4"
1.51295696579801e-66,0.680470849659301,0.379,0.232,3.75213327517906e-64,"5","Laptm5"
1.33837606714791e-57,1.01537102513513,0.61,0.527,3.31917264652681e-55,"5","Aqp4"
3.03066032596631e-48,0.943114685387394,0.167,0.08,7.51603760839646e-46,"5","Igf1"
3.29177043107532e-45,0.325286425208753,0.438,0.295,8.1635906690668e-43,"5","Plekha2"
3.46303592204385e-39,1.05918602963576,0.147,0.072,8.58832908666874e-37,"5","Sntb1"
7.61726789028871e-33,1.17861703886557,0.248,0.16,1.8890824367916e-30,"5","Cd68"
5.00633478141321e-32,1.14412381939795,0.321,0.234,1.24157102579048e-29,"5","Inpp4b"
5.52971892376215e-31,0.75000566277086,0.208,0.126,1.37137029309301e-28,"5","Cd53"
1.96524720980473e-30,1.31878687433997,0.14,0.075,4.87381308031572e-28,"5","Ano1"
8.23009038183637e-21,0.535197135656498,0.164,0.102,2.04106241469542e-18,"5","Sncg"
8.46677164215554e-21,0.580004697929937,0.241,0.167,2.09975936725457e-18,"5","Dpyd"
4.98980807900069e-19,0.274422693536415,0.438,0.338,1.23747240359217e-16,"5","Pdzrn3"
1.70160684963353e-17,0.419710066422124,0.347,0.27,4.21998498709114e-15,"5","Rnf152"
1.66820225227587e-16,0.593152438825527,0.226,0.163,4.13714158564415e-14,"5","Arhgap6"
4.6560366036375e-12,0.439924405108663,0.107,0.069,1.1546970777021e-09,"5","Spi1"
8.23368897965309e-10,0.378953598530856,0.121,0.084,2.04195486695397e-07,"5","Cd300c2"
3.44626868165729e-09,1.24579416725286,0.342,0.326,8.54674633051007e-07,"5","Igfbp6"
0,3.89059246427501,0.898,0.18,0,"6","Nxph3"
0,2.5696817545301,0.94,0.303,0,"6","Grik3"
0,3.34395861114003,0.842,0.213,0,"6","Gadd45a"
0,3.58454488611363,0.835,0.208,0,"6","Rprm"
0,2.33362148637743,0.866,0.242,0,"6","Fezf2"
0,2.95873236734167,0.765,0.148,0,"6","Arhgap25"
0,2.74100765230721,0.773,0.16,0,"6","Foxp2"
0,2.26686291236733,0.772,0.167,0,"6","Syt6"
0,2.5990068047933,0.761,0.165,0,"6","Htr1f"
0,2.35080591712992,0.772,0.178,0,"6","Hs3st2"
0,2.46346544900029,0.833,0.252,0,"6","Sdk2"
0,3.10830608201683,0.709,0.159,0,"6","Myl4"
0,2.0156602218967,0.847,0.302,0,"6","Igsf21"
0,1.32121895805602,0.918,0.376,0,"6","Bcl11b"
0,1.92906084588442,0.91,0.402,0,"6","Igfbp4"
0,1.72487993352758,0.737,0.245,0,"6","Rnf152"
0,1.07969317720984,0.952,0.463,0,"6","Neurod6"
0,2.11199904298625,0.655,0.184,0,"6","Zfpm2"
0,1.5707654541994,0.873,0.417,0,"6","Neto2"
0,2.02023582530835,0.594,0.178,0,"6","Col6a1"
0,1.12926609636795,0.89,0.486,0,"6","Gfra2"
0,2.29047675984443,0.987,0.584,0,"6","Tle4"
0,1.5563328352259,0.673,0.284,0,"6","Plcxd3"
0,2.03835852391003,0.472,0.113,0,"6","Cwh43"
0,3.38157125879258,0.385,0.04,0,"6","Trbc2"
0,2.43128945782804,0.993,0.664,0,"6","Garnl3"
0,1.96364250589352,0.333,0.067,0,"6","Rxfp1"
0,1.40829958269353,0.987,0.723,0,"6","Dkk3"
0,2.97605823836708,0.302,0.046,0,"6","Sla"
0,1.0466489855087,1,0.873,0,"6","Slc17a7"
1.96241091634553e-299,0.845167163513032,0.942,0.666,4.86677907253692e-297,"6","Gng12"
5.41947642723783e-281,0.721655240044192,0.987,0.785,1.34403015395498e-278,"6","Dpy19l1"
8.04082084749909e-275,1.29117004216854,0.512,0.186,1.99412357017977e-272,"6","Cdh9"
6.02005541970155e-250,1.11502094066075,0.789,0.543,1.49297374408598e-247,"6","Meis2"
1.62791126787191e-245,3.31078033279867,0.327,0.102,4.03721994432233e-243,"6","Cplx3"
2.62287174072307e-231,1.78414214933163,0.366,0.122,6.50472191699322e-229,"6","Sema5b"
8.30478174901107e-205,0.67381734275449,0.71,0.41,2.05958587375475e-202,"6","Ppp1r1b"
6.66752819984237e-199,1.01229006645105,0.56,0.253,1.65354699356091e-196,"6","Sema3e"
2.9306480050298e-193,0.753005289575479,0.592,0.271,7.26800705247391e-191,"6","Rasl10a"
3.80740843110441e-189,0.575234708037859,0.772,0.42,9.44237290913893e-187,"6","Necab1"
3.20759090464821e-188,1.68225451392218,0.339,0.121,7.95482544352756e-186,"6","Pcsk5"
2.43706848720775e-176,0.971861549254782,0.531,0.244,6.04392984827521e-174,"6","Sema3a"
2.96792392302059e-175,2.3764961466722,0.35,0.136,7.36045132909107e-173,"6","Ccn2"
4.70013747034118e-172,0.751456642583225,0.768,0.418,1.16563409264461e-169,"6","Satb2"
4.63753147497674e-171,0.671567259613915,0.857,0.544,1.15010780579423e-168,"6","Fhod3"
1.56276058915272e-159,0.631610675741612,0.512,0.239,3.87564626109875e-157,"6","Rab3b"
5.36590435922403e-157,0.593131876454806,0.957,0.749,1.33074428108756e-154,"6","Arc"
2.46571676522555e-147,0.893853612537753,0.497,0.235,6.11497757775935e-145,"6","Gsg1l"
1.18973937846842e-138,1.56332594875414,0.257,0.09,2.95055365860168e-136,"6","Rspo2"
2.39473618516828e-123,1.92475217761343,0.153,0.041,5.93894573921734e-121,"6","Prss35"
2.10985621383976e-118,0.950704861251704,0.483,0.258,5.2324434103226e-116,"6","Cntnap4"
1.96007483254126e-115,0.408684045950557,0.752,0.429,4.86098558470232e-113,"6","Tmem132d"
2.08655867034132e-87,0.844299730906404,0.47,0.272,5.17466550244648e-85,"6","Tox"
1.57217110061315e-59,0.707172502623837,0.611,0.446,3.89898432952061e-57,"6","Cntn6"
3.55074133811662e-53,1.04591676097446,0.243,0.128,8.80583851852922e-51,"6","Stard5"
6.10115060677435e-53,0.337601454606401,0.555,0.359,1.51308535048004e-50,"6","Ndst3"
7.19203554152173e-44,0.659962417528632,0.499,0.346,1.78362481429739e-41,"6","Cdh13"
1.58225025311133e-43,0.349604635081777,0.479,0.318,3.92398062771609e-41,"6","Igfbp6"
1.59109492727669e-43,0.443392794023914,0.325,0.193,3.94591541964619e-41,"6","Syt2"
4.88931466564116e-15,0.547429520312531,0.128,0.079,1.21255003707901e-12,"6","Gm19410"
3.0898608995201e-12,0.471962896049848,0.14,0.093,7.66285503080986e-10,"6","Fos"
0,3.85060965977097,0.828,0.127,0,"7","Slc44a5"
0,3.47987459829742,0.99,0.302,0,"7","Prox1"
0,3.32690321256789,0.911,0.269,0,"7","Plekha2"
0,2.95456872670372,0.865,0.256,0,"7","Rasl10a"
0,2.36541690023756,0.898,0.305,0,"7","Calb1"
0,3.24879000405783,0.979,0.398,0,"7","Bhlhe22"
0,2.38990001155371,0.947,0.376,0,"7","Bcl11b"
0,2.74640518215407,0.856,0.295,0,"7","Prdm8"
0,2.88241860454186,0.681,0.141,0,"7","Dpyd"
0,2.16772164469874,0.908,0.376,0,"7","Cpne6"
0,2.35960097874482,0.804,0.278,0,"7","Trpc4"
0,2.64873689812292,0.947,0.432,0,"7","Pip5k1b"
0,1.74519722948089,0.927,0.429,0,"7","Rasgrf2"
0,2.248628032896,0.897,0.4,0,"7","Tanc1"
0,1.5790449130406,0.747,0.265,0,"7","Nrp2"
0,1.5467524434763,0.818,0.351,0,"7","Thsd7a"
0,0.75459093860838,0.89,0.426,0,"7","Gad1"
0,2.43478776800173,0.639,0.18,0,"7","Cdh9"
0,1.24370043466401,0.883,0.435,0,"7","Cpne4"
0,2.43225487482439,0.602,0.155,0,"7","Npnt"
0,2.28142271384153,0.642,0.207,0,"7","Cntnap5b"
0,2.23387574519343,0.615,0.188,0,"7","Zfpm2"
0,1.82869314047592,0.706,0.281,0,"7","Bdnf"
0,1.97854643177507,0.76,0.337,0,"7","Pdzd2"
0,0.467189871628833,0.843,0.422,0,"7","Cabp7"
0,2.40157074347903,0.473,0.056,0,"7","Pdyn"
0,1.82201098089159,0.883,0.48,0,"7","Sipa1l3"
0,1.57611720032164,0.772,0.381,0,"7","Arhgef28"
0,3.38616113388172,0.424,0.042,0,"7","Npy2r"
0,1.77707171375984,0.524,0.176,0,"7","Shisa6"
0,3.02631595283575,0.355,0.043,0,"7","Ndst4"
0,1.83012328185708,0.979,0.671,0,"7","2010300C02Rik"
0,1.69035066702654,0.999,0.764,0,"7","Epha4"
0,1.00457051213472,0.998,0.855,0,"7","Nrn1"
1.43472466138532e-272,1.61680948368865,0.577,0.261,3.55811716023559e-270,"7","Orai2"
1.02274409328511e-263,0.823155471837298,0.88,0.607,2.53640535134706e-261,"7","Igfbp5"
2.25054046282926e-245,1.8449884157586,0.373,0.12,5.58134034781658e-243,"7","Pcsk5"
1.8792600776471e-231,1.29863695628341,0.679,0.38,4.6605649925648e-229,"7","Syndig1"
4.5091568078129e-219,1.4353008561892,0.677,0.402,1.1182708883376e-216,"7","Sox11"
2.03335897777322e-196,0.870934453184477,0.525,0.229,5.04273026487758e-194,"7","Rprm"
8.45306730414118e-159,0.811575562974687,0.74,0.512,2.09636069142701e-156,"7","Kctd12"
1.94804536893152e-127,0.625219859437332,0.763,0.495,4.83115251495017e-125,"7","Gfra2"
3.21066685703847e-69,0.417763261920473,0.583,0.377,7.96245380545541e-67,"7","Parm1"
7.24790390958824e-53,0.295063412222739,0.935,0.821,1.79748016957788e-50,"7","Bhlhe40"
6.91087369145811e-42,0.623341568498152,0.194,0.097,1.71389667548161e-39,"7","Fibcd1"
1.85673539453273e-36,0.560043068738345,0.35,0.228,4.60470377844116e-34,"7","Galnt14"
6.2444111777395e-29,0.608977690173709,0.295,0.194,1.5486139720794e-26,"7","Syt17"
5.96432498411814e-25,0.713784104713674,0.21,0.13,1.4791525960613e-22,"7","Stard5"
7.55228366733377e-25,0.605052606120141,0.213,0.132,1.87296634949877e-22,"7","Sema5b"
3.47270991373983e-20,0.380308463777715,0.449,0.354,8.61232058607477e-18,"7","Arhgap12"
4.12623758809037e-11,0.552639812232132,0.107,0.068,1.02330692184641e-08,"7","Ror1"
3.67666862766623e-09,0.309053830646193,0.451,0.406,9.11813819661224e-07,"7","Hat1"
0,2.50055477488765,0.766,0.181,0,"8","Hs3st2"
0,1.70543510834167,0.954,0.408,0,"8","Satb2"
0,1.52084433612244,0.987,0.463,0,"8","Neurod6"
0,1.60075471396557,0.821,0.299,0,"8","Igfbp6"
0,1.83746573454343,0.967,0.483,0,"8","Gfra2"
0,1.6811020477734,0.72,0.283,0,"8","Plcxd3"
0,1.64230830923365,0.732,0.296,0,"8","Sorcs3"
0,1.43879330763616,0.964,0.539,0,"8","Fhod3"
0,2.30508480645037,0.577,0.17,0,"8","Myl4"
0,1.25886977012885,0.816,0.419,0,"8","Necab1"
0,1.74448123446093,0.589,0.214,0,"8","Galnt14"
0,1.92509364893796,0.537,0.164,0,"8","Arhgap25"
0,2.4968231064009,0.406,0.082,0,"8","Rspo2"
0,0.986030549788931,0.967,0.667,0,"8","Garnl3"
0,1.61039616499778,0.999,0.724,0,"8","Dkk3"
0,2.55655357648162,0.329,0.068,0,"8","Rxfp1"
0,1.29784468535007,0.996,0.786,0,"8","Dpy19l1"
0,0.976308266499838,0.999,0.855,0,"8","Nrn1"
0,1.17174064725184,1,0.874,0,"8","Slc17a7"
2.61532332294938e-303,0.764607178656981,0.985,0.765,6.48600184091446e-301,"8","Epha4"
1.43152900160127e-291,1.28156508130787,0.697,0.32,3.55019192397114e-289,"8","Grik3"
3.52359666446514e-275,1.40828647517425,0.626,0.267,8.73851972787354e-273,"8","Sdk2"
4.92923603456985e-272,1.53059341705216,0.632,0.285,1.22245053657332e-269,"8","Bdnf"
3.9506311298706e-257,0.835599370284051,0.847,0.425,9.7975652020791e-255,"8","Tmem132d"
1.09226366432763e-252,1.6154262317527,0.364,0.107,2.70881388753253e-250,"8","Opn3"
3.67568691791123e-242,1.71878095980054,0.471,0.187,9.11570355641985e-240,"8","Col6a1"
2.36002490788469e-238,0.69939067079087,0.993,0.747,5.85286177155403e-236,"8","Arc"
1.24664070040316e-228,1.26044982471989,0.584,0.261,3.09166893699984e-226,"8","Fezf2"
9.18079420319745e-216,0.975429670419616,0.809,0.524,2.27683696239297e-213,"8","Plcxd2"
1.05221446922478e-215,2.0534550784864,0.223,0.051,2.60949188367746e-213,"8","Trbc2"
1.78289505939968e-179,1.4376431716144,0.538,0.275,4.42157974731122e-177,"8","Rasl10a"
2.29333214984996e-176,1.05603653600112,0.457,0.185,5.68746373162791e-174,"8","Htr1f"
7.11535585246765e-172,0.509991435028706,0.955,0.658,1.76460825141198e-169,"8","Rims3"
3.0640360556205e-171,1.60875200840551,0.334,0.12,7.59880941793884e-169,"8","Deptor"
8.84040600929294e-164,0.603343317668771,0.519,0.229,2.19242069030465e-161,"8","Rprm"
5.93589365584829e-149,1.129719851601,0.58,0.32,1.47210162665038e-146,"8","Igsf21"
6.62439069742144e-148,0.943877768713669,0.525,0.256,1.64284889296052e-145,"8","Sema3e"
4.99748824109456e-143,1.11509566849948,0.605,0.357,1.23937708379145e-140,"8","Ndst3"
6.31340681278447e-132,0.809106226211256,0.605,0.329,1.56572488957055e-129,"8","Pdzrn3"
5.4314545121671e-128,0.960582761323256,0.519,0.27,1.34700071901744e-125,"8","Tox"
1.75650550097911e-124,0.29940614934831,0.96,0.672,4.3561336424282e-122,"8","2010300C02Rik"
7.77423304300985e-121,0.495217130998345,0.709,0.408,1.92800979466644e-118,"8","Slit2"
9.03670386059262e-108,0.615553878366549,0.657,0.382,2.24110255742697e-105,"8","Syndig1"
5.55592822026357e-103,0.601751828719786,0.195,0.064,1.37787019862537e-100,"8","Cbln1"
1.74804868013072e-97,1.30567517915661,0.288,0.125,4.33516072672418e-95,"8","Cwh43"
1.26382654058845e-89,1.33446634535419,0.225,0.089,3.13428982065937e-87,"8","Fos"
1.22403971842518e-88,0.560346427980343,0.448,0.238,3.03561850169444e-86,"8","Gadd45a"
2.62312066303087e-88,0.780497034742699,0.38,0.19,6.50533924431656e-86,"8","Syt2"
1.34120281536589e-82,0.842369646126243,0.812,0.65,3.3261829821074e-80,"8","Nrep"
5.28569435358642e-82,0.505341076266487,0.666,0.431,1.31085219968943e-79,"8","Neto2"
8.26861260231749e-79,0.359381033828194,0.478,0.26,2.05061592537474e-76,"8","Cntnap4"
7.32445592182116e-74,0.660306794983448,0.445,0.25,1.81646506861165e-71,"8","Sema3a"
7.04523432613376e-70,0.605146778241831,0.565,0.373,1.74721811288117e-67,"8","Nell1"
1.49338733661939e-68,0.541921719204786,0.488,0.285,3.70360059481609e-66,"8","Cdh6"
5.29871345249242e-60,0.844703280440366,0.347,0.197,1.31408093621812e-57,"8","Cdh9"
5.32189406916182e-52,0.56458302930718,0.513,0.346,1.31982972915213e-49,"8","Cdh13"
1.26449548019359e-48,0.516248535673173,0.507,0.341,3.13594879088011e-46,"8","Cpne8"
1.86145896026592e-47,0.566798251898067,0.229,0.116,4.61641822145949e-45,"8","Rbp4"
1.99678851452266e-30,0.54344877305794,0.261,0.159,4.9520355160162e-28,"8","Cbln4"
1.13764054348236e-18,0.466358088764233,0.202,0.13,2.82134854783626e-16,"8","Pcsk5"
5.73697002912467e-13,0.398924340431056,0.59,0.563,1.42276856722292e-10,"8","Kcnh5"
9.65595450726101e-12,0.439739185651278,0.124,0.08,2.39467671780073e-09,"8","Gm19410"
0.000200480155464441,0.281124279346342,0.12,0.094,0.0497190785551814,"8","Adamts2"
0,2.77588937041308,0.896,0.242,0,"9","Myo16"
0,3.24299762315589,0.777,0.141,0,"9","Rspo1"
0,2.46370374302526,0.755,0.188,0,"9","Prr16"
0,1.95912669795524,0.957,0.419,0,"9","Tmem132d"
0,1.71254762642955,0.946,0.409,0,"9","Satb2"
0,2.06474665066495,0.801,0.267,0,"9","Cdh6"
0,2.67135133243365,0.662,0.136,0,"9","Cbln4"
0,1.55240906974763,0.842,0.316,0,"9","Pdzrn3"
0,1.50386849574597,0.928,0.41,0,"9","Car4"
0,1.88591836296103,0.863,0.356,0,"9","Nell1"
0,2.81675086832854,0.997,0.49,0,"9","Rorb"
0,2.22923625138943,0.988,0.514,0,"9","Plcxd2"
0,1.08717338707865,0.833,0.367,0,"9","Lamp5"
0,1.60907381351486,0.837,0.371,0,"9","Syndig1"
0,1.05778934740847,0.764,0.301,0,"9","Prdm8"
0,0.703333997417864,0.924,0.467,0,"9","Neurod6"
0,2.54693888516658,0.994,0.539,0,"9","Kcnh5"
0,1.85889665160324,0.649,0.208,0,"9","Cntnap5b"
0,1.68125937551751,0.901,0.46,0,"9","Cux2"
0,1.64655674919876,0.975,0.538,0,"9","Fhod3"
0,1.43990769591209,0.653,0.238,0,"9","Sema3a"
0,1.52148607096838,0.877,0.489,0,"9","Gfra2"
0,1.79138899282205,0.999,0.656,0,"9","Rims3"
0,1.04067638066477,0.945,0.643,0,"9","Nrep"
0,0.964412472262925,0.994,0.747,0,"9","Arc"
0,0.965181956915103,0.997,0.764,0,"9","Epha4"
0,0.920776300273945,0.982,0.818,0,"9","Bhlhe40"
0,1.03089687718698,1,0.855,0,"9","Nrn1"
1.05773525986861e-318,0.359520638728826,0.762,0.3,2.62318344447415e-316,"9","Slc17a6"
4.47934176281614e-285,0.969079600257228,0.808,0.403,1.1108767571784e-282,"9","Slit2"
8.97113257378292e-279,0.709178806307183,0.877,0.433,2.22484087829816e-276,"9","Rasgrf2"
2.206318113132e-263,0.655834839496098,1,0.874,5.47166892056737e-261,"9","Slc17a7"
1.09944134602993e-262,0.595306804968273,0.83,0.408,2.72661453815424e-260,"9","Bhlhe22"
1.4312647547734e-251,0.816856396766898,0.874,0.502,3.54953659183802e-249,"9","Pde7b"
4.18660586010414e-250,0.621002436007378,0.956,0.667,1.03827825330583e-247,"9","Garnl3"
1.12907555641391e-204,1.02532582853802,0.668,0.331,2.80010737990649e-202,"9","Cpne8"
9.89615853508768e-175,0.357047556365729,0.46,0.183,2.45424731670175e-172,"9","Cd24a"
4.18005661370648e-164,0.577169232964757,0.659,0.319,1.03665404019921e-161,"9","Calb1"
7.0167193008952e-156,0.892772564325098,0.654,0.361,1.74014638662201e-153,"9","Thsd7a"
2.30009412175786e-136,0.658549002681662,0.609,0.311,5.7042334219595e-134,"9","Igfbp6"
1.15927623100608e-103,0.855047288803004,0.399,0.189,2.87500505289508e-101,"9","Htr1f"
6.15576108390013e-73,0.717752957403307,0.367,0.191,1.52662874880723e-70,"9","Syt2"
7.544272008841e-66,1.15839484211521,0.207,0.09,1.87097945819257e-63,"9","Fos"
4.84202770505341e-64,0.261966447023119,0.94,0.789,1.20082287085325e-61,"9","Dpy19l1"
1.05844175479265e-59,0.437162128545672,0.646,0.445,2.62493555188578e-57,"9","Cntn6"
1.06814527526399e-41,0.683192282839431,0.22,0.115,2.6490002826547e-39,"9","Opn3"
4.60355276168376e-35,0.350723583768416,0.285,0.168,1.14168108489757e-32,"9","Col19a1"
4.4476661825899e-18,0.339129688152923,0.527,0.436,1.10302121328229e-15,"9","Necab1"
0,3.90744907875527,0.999,0.414,0,"10","Cabp7"
0,2.31476656303133,0.734,0.253,0,"10","Orai2"
0,1.70099475251929,0.829,0.398,0,"10","Gfap"
0,2.20198886282887,0.605,0.178,0,"10","Gm2115"
0,2.09212448764674,0.598,0.172,0,"10","Shisa6"
0,1.39890158759715,0.836,0.484,0,"10","Sipa1l3"
0,1.12739074165208,0.951,0.604,0,"10","Clmn"
0,1.50182298485334,0.915,0.605,0,"10","Ntsr2"
0,1.45942857847932,0.923,0.675,0,"10","2010300C02Rik"
3.14658579441202e-286,1.21620283578598,0.774,0.411,7.80353277014182e-284,"10","Bhlhe22"
1.52783287867905e-253,1.00894018534384,0.821,0.508,3.78902553912403e-251,"10","Kctd12"
4.01531168831986e-248,1.23702328608766,0.857,0.673,9.95797298703324e-246,"10","Acsbg1"
1.17461567491248e-235,1.54915924810622,0.527,0.224,2.91304687378295e-233,"10","Hapln1"
2.77590888116333e-215,1.3178759520189,0.762,0.519,6.88425402528507e-213,"10","Aqp4"
2.99970106154641e-207,1.01654733334426,0.581,0.265,7.43925863263511e-205,"10","Necab2"
2.72231736098714e-203,1.3585673127246,0.692,0.387,6.7513470552481e-201,"10","Arhgef28"
5.82034408277393e-190,1.7328892029008,0.591,0.312,1.44344533252794e-187,"10","Prdm8"
2.54216135366592e-178,1.10911261289439,0.71,0.453,6.30456015709148e-176,"10","Slc39a12"
6.74966490378572e-170,1.24130712254647,0.615,0.345,1.67391689613886e-167,"10","Arhgap12"
4.82547040676556e-143,0.902128254391375,0.547,0.278,1.19671666087786e-140,"10","Mdga1"
1.6139594081877e-131,0.692036939644045,0.677,0.393,4.00261933230549e-129,"10","Bcl11b"
3.0547378248312e-130,0.970321976628355,0.511,0.262,7.57574980558137e-128,"10","Rfx4"
8.77305558947274e-130,1.21075694336353,0.377,0.162,2.17571778618924e-127,"10","Angpt1"
2.33381498270728e-107,0.796695878618284,0.672,0.449,5.78786115711406e-105,"10","Pip5k1b"
1.64252828995162e-90,0.658371439544184,0.624,0.393,4.07347015908002e-88,"10","Cpne6"
2.11881405206496e-86,1.32215790653485,0.614,0.451,5.25465884912111e-84,"10","Cpne4"
3.38826085350447e-72,0.805508971885992,0.407,0.227,8.40288691669109e-70,"10","Gli3"
1.04691958769426e-64,0.408444617574609,0.63,0.416,2.59636057748177e-62,"10","Tanc1"
5.62508479414968e-59,1.08014984700395,0.326,0.189,1.39502102894912e-56,"10","Strip2"
7.51487687034401e-58,0.98986404437835,0.211,0.096,1.86368946384531e-55,"10","Fibcd1"
9.93969222874226e-53,0.431964053761859,0.631,0.472,2.46504367272808e-50,"10","Rmst"
1.47703255104896e-39,0.913738200529855,0.135,0.059,3.66304072660141e-37,"10","Npy2r"
3.08620508529366e-37,1.07549845723536,0.228,0.129,7.65378861152827e-35,"10","Stard5"
2.28761882853962e-36,0.690375084427846,0.209,0.112,5.67329469477827e-34,"10","Eya4"
9.15869892501058e-32,0.803596148860477,0.223,0.13,2.27135733340262e-29,"10","Pglyrp1"
3.19007967177024e-30,0.807155852902943,0.26,0.165,7.91139758599021e-28,"10","Cldn5"
2.01942896396903e-28,0.476403799258669,0.31,0.2,5.00818383064318e-26,"10","Cdh9"
1.37546080048016e-26,0.272641634761954,0.989,0.875,3.41114278519079e-24,"10","Slc17a7"
1.78736207645375e-24,0.592827266018257,0.186,0.109,4.4326579496053e-22,"10","Emcn"
2.67985071431169e-24,0.327966143095718,0.255,0.161,6.646029771493e-22,"10","Slc44a5"
3.83616697101983e-23,0.720901269077772,0.124,0.065,9.51369408812917e-21,"10","Prph"
4.75342710947469e-22,0.588316874988064,0.151,0.085,1.17884992314972e-19,"10","Sox17"
1.05646478123299e-21,0.654695071433031,0.173,0.103,2.62003265745782e-19,"10","Nostrin"
1.65982769703748e-20,0.88506784474806,0.55,0.488,4.11637268865294e-18,"10","Neurod6"
1.07840923168058e-19,0.36647105255275,0.856,0.756,2.67445489456783e-17,"10","Arc"
1.81661199627794e-18,0.356166576096818,0.402,0.309,4.50519775076929e-16,"10","Wfs1"
1.83265182465391e-16,0.303761849451347,0.418,0.327,4.54497652514169e-14,"10","Lypd6"
2.12239542338814e-16,0.404445194894233,0.27,0.195,5.2635406500026e-14,"10","Adgrl4"
3.04158412580181e-15,0.361137201488517,0.236,0.163,7.5431286319885e-13,"10","Arhgap6"
1.5519861770951e-14,0.392505699948522,0.345,0.273,3.84892571919585e-12,"10","Ly6a"
1.66947644415594e-14,0.645204216741385,0.149,0.095,4.14030158150672e-12,"10","Zfp366"
1.70962225596841e-14,1.17070456138111,0.254,0.203,4.23986319480166e-12,"10","Pou3f1"
3.59253419577479e-13,0.534751238670835,0.107,0.064,8.90948480552147e-11,"10","Cd44"
2.13871382505637e-12,0.278729598055632,0.828,0.818,5.3040102861398e-10,"10","Id2"
5.3651536727467e-12,0.446207122223451,0.234,0.174,1.33055811084118e-09,"10","Kdr"
2.77163289555549e-11,0.251308027738254,0.118,0.075,6.87364958097763e-09,"10","Sntb1"
5.20862551759536e-10,0.338430320430249,0.142,0.098,1.29173912836365e-07,"10","Slfn5"
1.51632580707611e-09,0.761547414108876,0.495,0.428,3.76048800154875e-07,"10","Igfbp4"
2.74572456778022e-08,0.352623118928875,0.103,0.068,6.80939692809495e-06,"10","Ror1"
0.000203258146844161,0.360918121579331,0.203,0.171,0.0504080204173519,"10","Cdh4"
0,5.06048752049381,0.965,0.103,0,"11","Cd53"
0,5.22868437559786,0.973,0.132,0,"11","Siglech"
0,5.32579221159121,0.886,0.054,0,"11","Ikzf1"
0,5.11182042347424,0.972,0.145,0,"11","Trem2"
0,5.37388453458936,0.885,0.059,0,"11","Cd300c2"
0,4.87895402890936,0.997,0.215,0,"11","Laptm5"
0,3.98326599998629,0.88,0.142,0,"11","Cd68"
0,5.01978419493125,0.785,0.047,0,"11","Spi1"
0,2.25838841758115,0.705,0.167,0,"11","Arhgap25"
0,3.53740162286082,0.5,0.047,0,"11","Sla"
0,2.55471765317662,0.958,0.51,0,"11","Kctd12"
8.95516631967336e-251,2.315899336224,0.274,0.047,2.22088124727899e-248,"11","Ebf3"
4.495622792503e-123,1.07242364937878,0.532,0.23,1.11491445254074e-120,"11","Inpp4b"
3.07001340654812e-107,0.728434325253445,0.609,0.294,7.61363324823935e-105,"11","Plekha2"
2.53089052901426e-91,1.17294757391602,0.627,0.372,6.27660851195537e-89,"11","Lyz2"
1.85296286754608e-61,1.11654441724706,0.271,0.112,4.59534791151427e-59,"11","Eya4"
1.27135080136453e-60,1.51453114408232,0.199,0.072,3.15294998738403e-58,"11","Pkib"
3.28146293041242e-37,0.511238193579438,0.854,0.758,8.1380280674228e-35,"11","Arc"
8.20273327811728e-26,0.540239044466494,0.5,0.354,2.03427785297309e-23,"11","Arhgap12"
6.67566925803066e-15,0.46889893251291,0.268,0.177,1.6555659759916e-12,"11","Npnt"
5.64287163079035e-11,0.456437947978569,0.359,0.276,1.39943216443601e-08,"11","Orai2"
5.94168772886178e-07,0.827125638772003,0.5,0.443,0.000147353855675772,"11","Cabp7"
1.2350004297457e-05,0.292072361006275,0.313,0.257,0.00306280106576934,"11","Unc13c"
0,4.12782096919765,0.958,0.178,0,"12","Syt6"
0,4.35807099097055,0.84,0.091,0,"12","Kctd8"
0,4.03191715694203,0.994,0.258,0,"12","Necab2"
0,3.97860465980932,0.78,0.084,0,"12","Sncg"
0,3.11753455584609,0.952,0.256,0,"12","Vat1l"
0,3.58912522444106,0.955,0.27,0,"12","Nrp2"
0,2.66060598425078,0.972,0.303,0,"12","Slc17a6"
0,4.63445312055611,1,0.351,0,"12","Nwd2"
0,2.60544739055819,0.835,0.241,0,"12","Cacna2d2"
0,2.5402110300096,0.933,0.359,0,"12","Thsd7a"
0,2.34497280545462,0.792,0.254,0,"12","Cntnap4"
0,3.33183343778079,0.66,0.128,0,"12","Calb2"
0,2.8046971161076,0.954,0.425,0,"12","Gucy1a1"
0,6.24678646312861,0.536,0.016,0,"12","Chat"
0,5.10727431386676,0.54,0.025,0,"12","Tacr1"
0,2.49602798163622,0.958,0.443,0,"12","Cpne4"
0,2.96763239193154,0.548,0.088,0,"12","Fibcd1"
0,2.74308221743398,0.473,0.066,0,"12","Ano1"
0,1.6046948721091,0.997,0.805,0,"12","Dner"
3.29565624633306e-283,2.1981373004209,0.532,0.153,8.17322749090599e-281,"12","Cbln4"
1.5520785250389e-262,1.78843460109678,0.802,0.412,3.84915474209648e-260,"12","Slit2"
9.32473403528873e-246,0.906714350694499,1,0.859,2.3125340407516e-243,"12","Nrn1"
2.22528029487639e-233,1.7536131516201,0.548,0.181,5.51869513129344e-231,"12","Btbd11"
2.37001611168747e-233,1.51182058180903,0.666,0.258,5.87763995698492e-231,"12","Sema3e"
3.45270709670593e-214,1.69843374304943,0.655,0.28,8.56271359983071e-212,"12","Mdga1"
3.09180855744114e-168,1.65421077829758,0.277,0.064,7.66768522245402e-166,"12","Cbln1"
1.10882362657362e-151,2.39884467280988,0.427,0.156,2.74988259390257e-149,"12","Tmem255a"
5.57275695036324e-147,2.96960659560906,0.221,0.049,1.38204372369008e-144,"12","Ebf3"
7.75044136874156e-135,1.33633737306222,0.535,0.23,1.92210945944791e-132,"12","Inpp4b"
3.22258521089734e-128,0.876070501185179,0.589,0.259,7.9920113230254e-126,"12","Tmem163"
1.51770977812844e-102,0.5748537847854,0.839,0.555,3.76392024975852e-100,"12","Kcnh5"
2.1458361885549e-98,2.38812297964776,0.208,0.059,5.32167374761614e-96,"12","Pde11a"
5.93890433505727e-98,1.39028096846125,0.428,0.189,1.4728482750942e-95,"12","Foxp2"
2.6498531200789e-53,0.86899961964069,0.421,0.228,6.57163573779567e-51,"12","Galnt14"
7.17942636151795e-45,0.451795227492721,0.732,0.525,1.78049773765645e-42,"12","Aqp4"
7.12845468039834e-41,1.47229782962274,0.152,0.057,1.76785676073879e-38,"12","Ndst4"
3.24788738130755e-40,0.787850934511983,0.553,0.396,8.05476070564272e-38,"12","Hpcal1"
1.10551773002945e-38,0.485562387568669,0.535,0.349,2.74168397047304e-36,"12","Cdh13"
5.26849567568912e-31,0.862081794801619,0.433,0.303,1.3065869275709e-28,"12","Trpc4"
4.25103179854173e-29,0.284343787393963,0.643,0.475,1.05425588603835e-26,"12","Rmst"
3.57604553427164e-28,0.761916952530528,0.369,0.241,8.86859292499367e-26,"12","Rprm"
1.30798194365912e-25,1.00317969277949,0.148,0.068,3.24379522027461e-23,"12","Ror1"
3.96727010740991e-13,1.2865822921525,0.151,0.091,9.83882986637658e-11,"12","Sema3d"
7.83319509517869e-05,0.501886687420189,0.107,0.076,0.0194263238360432,"12","Sntb1"
8.59876358462897e-05,0.290118765143505,0.216,0.172,0.0213249336898799,"12","Angpt1"
0,4.20238498265768,0.998,0.237,0,"13","Gad2"
0,3.49895038972057,0.86,0.237,0,"13","Rab3b"
0,3.19489144364552,1,0.435,0,"13","Gad1"
0,3.39505916981736,0.578,0.07,0,"13","Igf1"
0,3.01810245877104,0.631,0.16,0,"13","Col19a1"
0,6.27934564258365,0.42,0.017,0,"13","Sst"
0,1.6173093048133,0.998,0.806,0,"13","Dner"
1.92602728294784e-315,3.56957077470706,0.299,0.043,4.77654766171064e-313,"13","Cort"
9.56025784252161e-306,2.17661965401632,0.621,0.185,2.37094394494536e-303,"13","Kcnmb2"
1.09757895125411e-239,3.29681002505929,0.299,0.056,2.7219957991102e-237,"13","Pde11a"
1.59001639597565e-209,1.18362916755296,0.879,0.444,3.9432406620196e-207,"13","Rasgrf2"
2.74486294126922e-196,2.34882332229991,0.691,0.345,6.80726009434767e-194,"13","Cdh13"
1.56669010111237e-182,2.42026069424585,0.562,0.23,3.88539145075869e-180,"13","Hapln1"
5.67812920443905e-155,1.28044129623752,0.515,0.183,1.40817604270088e-152,"13","Btbd11"
5.28653970615179e-149,1.4139155357838,0.757,0.435,1.31106184712564e-146,"13","Neto2"
1.65601454283798e-141,2.87433342342659,0.352,0.115,4.10691606623819e-139,"13","Rbp4"
6.4794047590358e-133,1.53842733905405,0.533,0.225,1.60689238024088e-130,"13","Galnt14"
5.79068168909675e-126,1.50087920178179,0.339,0.109,1.436089058896e-123,"13","Cplx3"
2.80407948589015e-113,0.98064887339081,0.732,0.413,6.95411712500757e-111,"13","Zfp536"
7.98399387608055e-92,1.64462725516458,0.571,0.324,1.98003048126798e-89,"13","Lypd6"
1.30811334072808e-90,1.45741283954633,0.441,0.198,3.24412108500564e-88,"13","Cdh9"
1.56971369372897e-82,3.01898102590184,0.228,0.075,3.89288996044784e-80,"13","Pdyn"
7.77873632646094e-79,0.503827967463865,0.736,0.398,1.92912660896231e-76,"13","Bcl11b"
8.05010783121666e-77,0.48053815009404,0.9,0.677,1.99642674214173e-74,"13","Garnl3"
7.03339283203767e-75,1.13205202600954,0.487,0.249,1.74428142234534e-72,"13","Nr2f2"
1.24165864379621e-73,1.20511260149399,0.48,0.253,3.07931343661461e-71,"13","Cacna2d2"
1.39920257277931e-73,0.323109718342539,0.953,0.666,3.47002238049269e-71,"13","Rims3"
1.99617012088549e-70,2.77732836146116,0.148,0.039,4.95050189979601e-68,"13","Crh"
1.18082001846715e-65,1.04569142971625,0.49,0.265,2.92843364579853e-63,"13","Cntnap4"
1.48128552425496e-63,0.785820164640371,0.514,0.271,3.67358810015231e-61,"13","Myo16"
3.53318319801772e-60,1.05332640272264,0.542,0.334,8.76229433108394e-58,"13","Grik3"
5.33443341209551e-55,0.631817584510883,0.669,0.455,1.32293948619969e-52,"13","Pip5k1b"
8.87037630681391e-54,1.09672029640236,0.628,0.435,2.19985332408985e-51,"13","Necab1"
3.84414111763193e-53,1.10055370972782,0.339,0.161,9.53346997172719e-51,"13","Slc44a5"
1.49417333544177e-47,0.701877440964714,0.662,0.45,3.70554987189558e-45,"13","Cntn6"
1.67378146218962e-46,1.08125061163852,0.332,0.167,4.15097802623025e-44,"13","Cdh4"
4.19130956627473e-45,1.14829144497544,0.548,0.384,1.03944477243613e-42,"13","Parm1"
1.35564558799088e-39,0.835838565527209,0.448,0.266,3.36200105821739e-37,"13","Sema3e"
5.53660262946229e-38,1.22183361442439,0.24,0.113,1.37307745210665e-35,"13","Eya4"
1.92053911604968e-23,0.301154421126079,0.553,0.387,4.76293700780321e-21,"13","Lamp5"
9.48383326437631e-22,0.841451957606949,0.633,0.522,2.35199064956533e-19,"13","Kctd12"
1.2076642234108e-21,0.64108990910042,0.273,0.162,2.99500727405877e-19,"13","Tmem255a"
5.34975860818034e-17,0.626154086945828,0.153,0.081,1.32674013482872e-14,"13","Rxfp1"
3.15871777240187e-16,0.406803121744608,0.197,0.112,7.83362007555664e-14,"13","Kctd8"
1.41743986188011e-15,0.635516916961943,0.485,0.374,3.51525085746267e-13,"13","Thsd7a"
6.08725345393837e-15,0.478217232689671,0.361,0.256,1.50963885657672e-12,"13","Unc13c"
3.35156046607507e-11,0.314195837484782,0.404,0.304,8.31186995586618e-09,"13","Trpc4"
5.46569914860569e-10,0.394252932200888,0.368,0.281,1.35549338885421e-07,"13","Tox"
7.44195228661758e-10,0.326248162078143,0.4,0.304,1.84560416708116e-07,"13","Plcxd3"
2.68205520701078e-09,0.388959989197093,0.86,0.817,6.65149691338674e-07,"13","Id2"
2.61778039423794e-08,0.292746920415008,0.273,0.198,6.4920953777101e-06,"13","Htr1f"
4.51961883896258e-08,0.652198695230215,0.324,0.259,1.12086547206272e-05,"13","Sema3a"
8.20144776270472e-08,0.517821272467,0.411,0.335,2.03395904515077e-05,"13","Calb1"
0.000185911888179153,0.747936589278733,0.201,0.164,0.04610614826843,"13","Cbln4"
0,5.61581450207303,0.977,0.097,0,"14","Gpr17"
0,4.8910585310612,0.838,0.069,0,"14","Cspg4"
0,4.19195072941305,0.76,0.073,0,"14","Sema3d"
0,2.15112485754724,0.854,0.179,0,"14","Sox10"
0,4.49912559650302,0.858,0.192,0,"14","Pdgfra"
0,1.87350528717743,0.942,0.342,0,"14","Gjc3"
0,2.67372669009209,0.611,0.122,0,"14","Sema5b"
1.32289599752236e-250,1.8811917029616,0.55,0.16,3.28078207385545e-248,"14","Dpyd"
2.19363222519031e-248,1.79970821696809,0.722,0.255,5.44020791847197e-246,"14","Tmem163"
8.29416831061866e-222,1.79899601246492,0.509,0.155,2.05695374103343e-219,"14","Tmem255a"
4.03268678207191e-219,1.31383495441198,0.775,0.343,1.00010632195383e-216,"14","Cdh13"
3.01101656794729e-127,1.3276833376552,0.704,0.39,7.46732108850929e-125,"14","Cdh20"
2.94872760389691e-124,1.00055619084617,0.909,0.676,7.31284445766433e-122,"14","Gng12"
2.07838802647907e-112,0.898673067177802,0.637,0.293,5.1544023056681e-110,"14","Cobll1"
5.65144766371429e-88,0.943989240661441,0.718,0.424,1.40155902060114e-85,"14","Sema6a"
2.07508026525986e-65,0.812122161838831,0.678,0.449,5.14619905784444e-63,"14","Cntn6"
3.77231009700978e-63,0.892913656483829,0.562,0.327,9.35532904058426e-61,"14","Igsf21"
4.96986313241041e-59,0.424344684527234,0.93,0.808,1.23252605683778e-56,"14","Dner"
4.74881666397021e-52,0.766789774979669,0.342,0.161,1.17770653266461e-49,"14","Slc44a5"
2.63991928616837e-51,0.634869330383383,0.626,0.411,6.54699982969756e-49,"14","Sox11"
8.26423892560351e-41,0.546479398095787,0.523,0.314,2.04953125354967e-38,"14","Sorcs3"
7.65407606797173e-39,1.13370653769614,0.195,0.081,1.89821086485699e-36,"14","Fign"
1.04441389940129e-38,0.277026576968898,0.432,0.24,2.59014647051521e-36,"14","Rprm"
3.88006005142726e-38,0.525359328129452,0.54,0.334,9.6225489275396e-36,"14","Grik3"
4.88831885803963e-38,0.845534866959224,0.362,0.201,1.21230307679383e-35,"14","Pou3f1"
1.27337948804848e-36,0.672683916948569,0.458,0.278,3.15798113036024e-34,"14","Tox"
3.0220041267875e-35,0.590370557235392,0.476,0.29,7.49457023443299e-33,"14","Cdh6"
2.74387985064937e-30,0.332459283549346,0.663,0.442,6.80482202961045e-28,"14","Tmem132d"
1.11377146767057e-29,0.593110871896498,0.514,0.345,2.76215323982302e-27,"14","Cpne8"
1.72337148204731e-26,0.395573838372749,0.434,0.271,4.27396127547734e-24,"14","Rfx4"
2.63919189178749e-19,0.43058319184123,0.406,0.274,6.54519589163299e-17,"14","Myo16"
7.63753985983653e-18,0.363097997444309,0.358,0.236,1.89410988523946e-15,"14","Inpp4b"
2.12669469031486e-13,0.46158564652117,0.307,0.209,5.27420283198086e-11,"14","Zfpm2"
3.16822715165688e-11,0.528148565234168,0.248,0.17,7.85720333610907e-09,"14","Cdh4"
3.69447275741255e-11,0.270633969575778,0.519,0.4,9.16229243838313e-09,"14","Arhgef28"
3.6970163044124e-11,0.526822976397047,0.297,0.216,9.16860043494275e-09,"14","Vwc2l"
2.07264698775794e-10,0.277016980381024,0.428,0.329,5.14016452963968e-08,"14","Lypd6"
0,3.04429626557868,0.99,0.243,0,"15","Gad2"
0,3.83010156229471,0.917,0.176,0,"15","Btbd11"
0,3.21271553383134,0.95,0.256,0,"15","Cntnap4"
0,4.61933286054343,1,0.318,0,"15","Pvalb"
0,2.91885861689016,0.848,0.183,0,"15","Kcnmb2"
0,3.07100276706007,0.872,0.241,0,"15","Rab3b"
0,2.52712218021612,0.868,0.246,0,"15","Cacna2d2"
0,2.29236024337034,0.913,0.293,0,"15","Plcxd3"
0,2.96746165119247,0.757,0.188,0,"15","Syt2"
0,3.60885298317742,1,0.439,0,"15","Gad1"
0,2.42307925186678,0.662,0.163,0,"15","Col19a1"
0,3.1833886883928,0.575,0.107,0,"15","Eya4"
0,4.23238078749464,0.407,0.043,0,"15","Cort"
0,3.89351612387332,0.371,0.033,0,"15","Pthlh"
0,1.69842978005784,1,0.807,0,"15","Dner"
6.87079637331486e-296,2.14621797409432,0.867,0.378,1.70395750058209e-293,"15","Parm1"
3.52607684652531e-275,1.82862356382885,0.887,0.414,8.74467057938277e-273,"15","Slit2"
3.81551471016845e-257,2.13453296719645,0.867,0.435,9.46247648121775e-255,"15","Neto2"
3.85447734058384e-217,1.56136190697356,0.789,0.296,9.55910380464793e-215,"15","Trpc4"
2.80717108476187e-167,1.06604419955093,0.877,0.412,6.96178429020944e-165,"15","Zfp536"
3.53374777714488e-163,1.28714137257317,0.654,0.23,8.7636944873193e-161,"15","Hapln1"
1.48379344119736e-143,1.08381549281434,0.878,0.439,3.67980773416946e-141,"15","Tmem132d"
1.50292411307282e-138,1.23733264427901,0.679,0.269,3.72725180042059e-136,"15","Myo16"
2.78295167468883e-115,1.29876883806181,0.703,0.347,6.90172015322829e-113,"15","Cdh13"
8.26239557323308e-112,1.23940170799802,0.774,0.449,2.0490741021618e-109,"15","Cntn6"
1.3848338952608e-103,1.93823584912081,0.363,0.117,3.43438806024679e-101,"15","Rbp4"
9.67820353615353e-75,0.454552815152723,0.84,0.448,2.40019447696608e-72,"15","Rasgrf2"
1.80466534669932e-70,0.625406639037037,0.752,0.435,4.47557005981431e-68,"15","Gucy1a1"
3.3120234129134e-55,1.00615697994016,0.6,0.365,8.21381806402524e-53,"15","Ndst3"
2.2058614730968e-46,0.995274630229008,0.587,0.372,5.47053645328007e-44,"15","Thsd7a"
6.07880521636337e-46,0.797890636320347,0.281,0.111,1.50754369365812e-43,"15","Kctd8"
8.32520549164963e-44,0.958954355008809,0.4,0.196,2.06465096192911e-41,"15","Htr1f"
1.50697269264916e-39,0.941014546569947,0.531,0.327,3.73729227776992e-37,"15","Lypd6"
1.40103303658604e-37,0.471129289678922,0.688,0.426,3.47456193073337e-35,"15","Igfbp4"
2.06543654997183e-32,0.304561656077831,0.862,0.555,5.12228264393015e-30,"15","Fhod3"
2.11979189545665e-32,0.494280225335086,0.616,0.395,5.25708390073248e-30,"15","Cdh20"
1.20706575508416e-31,0.6346232229072,0.384,0.201,2.99352307260872e-29,"15","Cdh9"
6.25576126737206e-31,0.665487401534854,0.345,0.176,1.55142879430827e-28,"15","Npnt"
7.07218426249043e-18,0.696373128082742,0.24,0.132,1.75390169709763e-15,"15","Stard5"
1.95911396677544e-15,0.31115359350266,0.563,0.405,4.85860263760309e-13,"15","Hat1"
1.76640652713986e-13,0.270622631307897,0.27,0.164,4.38068818730684e-11,"15","Slc44a5"
2.70051098565945e-13,0.256562922371801,0.4,0.268,6.69726724443545e-11,"15","Sema3e"
7.51752078915226e-12,0.556566208542116,0.337,0.229,1.86434515570976e-09,"15","Cntnap5b"
2.86785187146086e-08,1.32827109432342,0.109,0.063,7.11227264122293e-06,"15","Pde11a"
6.75493297146939e-07,0.669376772510326,0.328,0.259,0.000167522337692441,"15","Sema3a"
1.63355302368172e-06,0.342688630535542,0.153,0.099,0.000405121149873065,"15","Rspo2"
8.02557053244795e-05,0.25286138293413,0.169,0.12,0.0199034149204709,"15","Opn3"
0,4.58606673649234,0.981,0.183,0,"16","Gm2115"
0,4.27085707416459,0.88,0.085,0,"16","Fibcd1"
0,3.41743438262123,0.912,0.191,0,"16","Pou3f1"
0,2.81163150131361,0.922,0.257,0,"16","Sema3e"
0,3.06233094123841,0.939,0.3,0,"16","Wfs1"
0,2.57428456413484,0.898,0.279,0,"16","Mdga1"
0,2.67558834645701,0.908,0.294,0,"16","Trpc4"
0,2.5914793736566,0.791,0.182,0,"16","Shisa6"
0,2.50676978396899,0.977,0.395,0,"16","Bcl11b"
0,1.70505826426086,0.759,0.182,0,"16","Penk"
0,2.47348952639733,0.967,0.393,0,"16","Cpne6"
0,2.20391885976413,0.88,0.308,0,"16","Sorcs3"
0,2.48900846728534,0.758,0.188,0,"16","Htr1f"
0,1.85608374373741,0.948,0.42,0,"16","Igfbp4"
0,2.83033727196865,0.999,0.481,0,"16","Neurod6"
0,2.0189175217206,0.963,0.45,0,"16","Pip5k1b"
0,4.00837604977446,0.53,0.05,0,"16","Ndst4"
0,2.24506315445749,0.954,0.493,0,"16","Sipa1l3"
0,1.90736348262533,0.996,0.682,0,"16","2010300C02Rik"
0,1.75854968987145,1,0.772,0,"16","Epha4"
4.92420541174769e-302,1.83880914219813,0.921,0.417,1.22120294211343e-299,"16","Tanc1"
9.48359933446562e-302,2.11808877284901,0.846,0.339,2.35193263494747e-299,"16","Cpne8"
1.37521954066266e-282,2.00971377036327,0.842,0.349,3.41054446084341e-280,"16","Arhgap12"
2.86378000604988e-248,1.62746299202905,0.88,0.372,7.1021744150037e-246,"16","Nell1"
9.59710034389895e-245,0.958535781211513,0.934,0.435,2.38008088528694e-242,"16","Cabp7"
2.02684536366375e-218,1.18500728046337,0.997,0.733,5.0265765018861e-216,"16","Dkk3"
3.03551914230371e-191,1.54500399374941,0.601,0.187,7.52808747291319e-189,"16","Strip2"
2.19303510357167e-188,2.36943393762451,0.335,0.064,5.43872705685775e-186,"16","Ror1"
2.05474314078126e-175,0.836632501584479,1,0.878,5.09576298913752e-173,"16","Slc17a7"
3.49562865126537e-174,1.36969232592376,0.729,0.28,8.66915905513812e-172,"16","Rasl10a"
3.02471084908486e-150,1.28877064201257,0.799,0.395,7.50128290573045e-148,"16","Arhgef28"
3.59800266015653e-120,1.16621527211937,0.676,0.296,8.9230465971882e-118,"16","Bdnf"
2.64288554187892e-111,1.21207839775699,0.72,0.363,6.55435614385972e-109,"16","Ndst3"
5.54645897617619e-81,0.653707699755103,0.787,0.43,1.37552182609169e-78,"16","Car4"
2.61485063960977e-80,0.752298336993483,0.721,0.381,6.48482958623222e-78,"16","Parm1"
2.33553165287804e-79,0.457745099054263,0.985,0.807,5.79211849913754e-77,"16","Dner"
1.29047983212515e-76,1.44017642535252,0.225,0.059,3.20038998367037e-74,"16","Npy2r"
8.34856909541837e-73,0.677836176664667,0.806,0.519,2.07044513566376e-70,"16","Kctd12"
6.42726764472631e-60,0.45139646163402,0.436,0.193,1.59396237589213e-57,"16","Cd24a"
2.89105950736876e-50,0.617369461790414,0.378,0.161,7.16982757827452e-48,"16","Slc44a5"
4.37035675650161e-40,0.545929803290133,0.685,0.439,1.0838484756124e-37,"16","Neto2"
9.95552989981211e-27,0.651308398923964,0.45,0.275,2.4689714151534e-24,"16","Orai2"
1.6162052073009e-25,0.28896981033772,0.944,0.824,4.00818891410622e-23,"16","Bhlhe40"
1.00989164532421e-11,0.374752871984865,0.34,0.229,2.50453128040403e-09,"16","Cntnap5b"
6.81607897891719e-10,0.435286033398599,0.138,0.076,1.69038758677146e-07,"16","Sntb1"
0.00498898303601425,0.260333787648133,0.169,0.134,1,"16","Stard5"
0,4.2611530894931,0.878,0.183,0,"17","Penk"
0,2.65857604551284,0.928,0.248,0,"17","Gad2"
0,2.50663361674682,0.828,0.192,0,"17","Syt6"
0,2.93210658559121,0.808,0.185,0,"17","Strip2"
0,4.69309023150577,0.68,0.069,0,"17","Pdyn"
0,4.04915779891088,0.998,0.418,0,"17","Ppp1r1b"
0,2.92417611962276,0.965,0.514,0,"17","Pde7b"
0,2.87475981406298,0.998,0.55,0,"17","Meis2"
0,5.23127909871603,0.461,0.03,0,"17","Nts"
1.99484977762062e-315,2.91118148472553,0.746,0.193,4.94722744849913e-313,"17","Col6a1"
7.90903914873649e-314,2.23805227777833,0.953,0.398,1.96144170888665e-311,"17","Bcl11b"
2.23038934438918e-301,2.72015959135813,0.853,0.305,5.53136557408516e-299,"17","Wfs1"
9.627956691819e-292,2.57309616731097,0.733,0.187,2.38773325957111e-289,"17","Foxp2"
1.09360923866996e-273,1.81922880423413,0.857,0.272,2.7121509119015e-271,"17","Necab2"
2.74711047289794e-243,1.66130323604976,0.945,0.443,6.81283397278689e-241,"17","Gad1"
2.36963604270412e-216,1.9372239276928,0.842,0.347,5.87669738590621e-214,"17","Cdh13"
5.60335662126326e-215,2.15941763940632,0.76,0.262,1.38963244207329e-212,"17","Sema3e"
2.12238858577284e-190,1.77756729184436,0.866,0.435,5.26352369271664e-188,"17","Gucy1a1"
1.9030059571663e-155,1.72672662355361,0.77,0.353,4.71945477377242e-153,"17","Pdzd2"
3.51992196322898e-127,1.51410341440099,0.802,0.438,8.72940646880787e-125,"17","Neto2"
3.87032660590399e-127,1.6722043444514,0.647,0.253,9.5984099826419e-125,"17","Cacna2d2"
5.35011966382613e-125,1.48205162694829,0.641,0.249,1.32682967662888e-122,"17","Rab3b"
3.81570843176847e-119,1.62546601118583,0.628,0.252,9.46295691078581e-117,"17","Unc13c"
3.63753472289027e-108,0.906341007652401,0.952,0.684,9.02108611276788e-106,"17","2010300C02Rik"
8.59835326773539e-106,1.77399796384213,0.604,0.255,2.13239161039838e-103,"17","Sema3a"
4.83259343015907e-98,1.37642906943902,0.733,0.412,1.19848317067945e-95,"17","Sox11"
8.00731614482581e-82,1.35410083902424,0.57,0.245,1.9858144039168e-79,"17","Gsg1l"
6.28751951413519e-73,1.4031876570437,0.348,0.111,1.55930483950553e-70,"17","Kctd8"
4.2282010561238e-59,0.769163583282417,0.858,0.635,1.0485938619187e-56,"17","Mapk4"
1.58981496036242e-57,1.04651758343567,0.675,0.392,3.94274110169879e-55,"17","Syndig1"
4.12791535421245e-57,1.8607497897037,0.254,0.079,1.02372300784469e-54,"17","Gm19410"
8.00911651480998e-54,1.41145457876453,0.39,0.163,1.98626089567287e-51,"17","Arhgap6"
1.24731503927758e-37,1.30367545949066,0.287,0.12,3.0933412974084e-35,"17","Rbp4"
3.55611466405732e-37,0.632702780697106,0.499,0.275,8.81916436686216e-35,"17","Vat1l"
8.89654805621937e-34,0.950433698416635,0.432,0.228,2.2063439179424e-31,"17","Cntnap5b"
4.09605075060488e-33,0.544151121270809,0.622,0.373,1.01582058615001e-30,"17","Thsd7a"
3.54043592930327e-31,0.386735089322758,0.386,0.195,8.78028110467211e-29,"17","Cd24a"
4.27994355471462e-22,0.836551015002646,0.403,0.234,1.06142600156923e-19,"17","Gli3"
1.98423634601039e-19,0.650438216110618,0.357,0.203,4.92090613810576e-17,"17","Cdh9"
6.24085852533545e-19,0.642839249365897,0.591,0.438,1.54773291428319e-16,"17","Necab1"
1.08203896607986e-16,0.671892244112511,0.424,0.275,2.68345663587806e-14,"17","Myo16"
8.41094886900199e-15,0.435474889577688,0.169,0.08,2.08591531951249e-12,"17","Ikzf1"
6.20434012565325e-12,0.399013971689518,0.407,0.273,1.53867635116201e-09,"17","Rfx4"
8.59935367262422e-12,1.05997451271538,0.225,0.135,2.13263971081081e-09,"17","Sema5b"
2.60377619694189e-08,0.420232534503949,0.412,0.305,6.45736496841589e-06,"17","Plcxd3"
2.31312785893149e-06,0.383280488872746,0.425,0.339,0.000573655709015009,"17","Grik3"
0.000144607025139918,0.588162041911819,0.11,0.07,0.0358625422346998,"17","Ror1"
0,3.19299181112432,0.978,0.268,0,"18","Fezf2"
0,2.42161143173731,0.91,0.274,0,"18","Tox"
0,3.60721405743691,0.7,0.073,0,"18","Gm19410"
0,2.60336297402929,0.81,0.191,0,"18","Htr1f"
0,2.6486135074858,0.989,0.379,0,"18","Parm1"
4.04528331476388e-287,2.24682042368917,0.971,0.383,1.00323026206144e-284,"18","Lamp5"
1.90366248911236e-280,1.96343842805997,0.895,0.269,4.72108297299864e-278,"18","Vat1l"
9.62247341440736e-264,2.30800912119227,0.931,0.362,2.38637340677302e-261,"18","Ndst3"
3.59679197710978e-252,2.59052812489105,0.723,0.193,8.92004410323225e-250,"18","Syt2"
1.86758398410189e-244,2.27310077811899,0.615,0.127,4.6316082805727e-242,"18","Pcsk5"
3.56286660425677e-236,1.8116659894377,0.902,0.298,8.83590917855678e-234,"18","Trpc4"
4.11494613933197e-231,1.97838080552366,0.75,0.198,1.02050664255433e-228,"18","Pou3f1"
6.30077665045949e-218,1.64064870057621,0.962,0.399,1.56259260931395e-215,"18","Bcl11b"
5.92380647938744e-206,1.97922115286145,0.919,0.424,1.46910400688809e-203,"18","Igfbp4"
6.38921160485288e-201,1.85193422973034,0.765,0.226,1.58452447800351e-198,"18","Galnt14"
4.26447039734864e-188,1.5042050205705,0.98,0.533,1.05758865854246e-185,"18","Plcxd2"
8.44147990053323e-188,2.00996728268449,0.796,0.288,2.09348701533224e-185,"18","Cdh6"
2.36247756134721e-178,1.30747179845789,0.993,0.794,5.85894435214107e-176,"18","Dpy19l1"
1.26793744745061e-165,1.58452262506819,0.7,0.206,3.14448486967751e-163,"18","Hs3st2"
2.54671935694864e-160,1.25052857081252,0.787,0.261,6.31586400523264e-158,"18","Tmem163"
3.57515248490255e-155,1.13896250156177,0.993,0.824,8.86637816255832e-153,"18","Bhlhe40"
1.96326032138926e-146,1.78941174927662,0.848,0.45,4.86888559704537e-144,"18","Cntn6"
6.0590982993606e-132,1.88857166160848,0.75,0.326,1.50265637824143e-129,"18","Pvalb"
1.92158927794084e-124,1.46133504560886,0.727,0.28,4.76554140929328e-122,"18","Sdk2"
1.46809158598988e-112,1.07341282628503,0.949,0.556,3.64086713325491e-110,"18","Fhod3"
2.37116165303525e-112,1.81650566925383,0.533,0.174,5.88048089952743e-110,"18","Npnt"
5.9854025168698e-99,0.735646213595782,1,0.879,1.48437982418371e-96,"18","Slc17a7"
6.86757081325665e-98,0.749702796615924,0.975,0.679,1.70315756168765e-95,"18","Garnl3"
2.41821187047484e-92,1.10810486102563,0.814,0.419,5.9971654387776e-90,"18","Slit2"
7.67090242551921e-88,1.34508207326038,0.703,0.35,1.90238380152876e-85,"18","Cdh13"
1.18037215681879e-82,1.88673845442274,0.382,0.117,2.92732294891059e-80,"18","Opn3"
2.20857340439941e-79,1.11249004712206,0.687,0.301,5.47726204291053e-77,"18","Plcxd3"
1.06673618139595e-78,0.867601121112893,0.861,0.442,2.64550572986195e-76,"18","Tmem132d"
1.75898527315814e-77,0.999289143938793,0.747,0.355,4.3622834774322e-75,"18","Pdzd2"
1.93714906779189e-75,1.05922683276878,0.707,0.328,4.80412968812388e-73,"18","Igsf21"
2.62662229933364e-73,1.1654844535895,0.615,0.266,6.51402330234744e-71,"18","Sema3e"
3.57791743106215e-73,0.954935673873917,0.51,0.187,8.87323522903414e-71,"18","Myl4"
9.28237068379806e-72,0.905881663077887,0.618,0.254,2.30202792958192e-69,"18","Cacna2d2"
5.48393614864587e-64,1.12636864658979,0.705,0.378,1.36001616486417e-61,"18","Nell1"
1.52762725146449e-63,0.883904668908513,0.922,0.736,3.78851558363192e-61,"18","Dkk3"
2.05229249806011e-62,0.838975972736807,0.761,0.394,5.08968539518908e-60,"18","Cdh20"
5.31564301855417e-59,0.560058300899732,0.982,0.816,1.31827946860143e-56,"18","Id2"
5.98341828168622e-51,0.666684388520503,0.665,0.322,1.48388773385818e-48,"18","Igfbp6"
2.13829023268704e-47,1.0784085782377,0.327,0.119,5.30295977706386e-45,"18","Rbp4"
2.62300513182833e-46,0.362163264325863,0.911,0.552,6.50505272693426e-44,"18","Meis2"
5.68933502014e-44,0.669405515271538,0.788,0.433,1.41095508499472e-41,"18","Satb2"
5.87097237733666e-41,1.27203673751079,0.266,0.093,1.45600114957949e-38,"18","Adamts2"
2.96092311563937e-37,0.745955608663578,0.566,0.3,7.34308932678564e-35,"18","Bdnf"
1.21056396700176e-36,0.316124972063608,0.47,0.219,3.00219863816436e-34,"18","Nxph3"
3.80863934296057e-35,0.644399376165196,0.629,0.345,9.44542557054222e-33,"18","Cpne8"
5.71638778230959e-33,0.929183552112606,0.448,0.228,1.41766417001278e-30,"18","Cntnap5b"
3.46613976693377e-32,0.560279442037158,0.685,0.392,8.59602662199574e-30,"18","Syndig1"
2.07210156759072e-30,0.922161908518162,0.394,0.2,5.138811887625e-28,"18","Col6a1"
3.46882702010904e-30,0.43556961696379,0.617,0.336,8.60269100987042e-28,"18","Grik3"
3.45895087236993e-27,1.05032138506734,0.241,0.098,8.57819816347743e-25,"18","Rspo2"
5.16610531215978e-27,0.540171399271771,0.506,0.274,1.28119411741563e-24,"18","Myo16"
1.20254395932454e-19,0.554879624424761,0.244,0.113,2.98230901912485e-17,"18","Kctd8"
7.38947771540664e-15,0.349378822247206,0.6,0.406,1.83259047342085e-12,"18","Hat1"
9.54618409092297e-13,0.87141395748452,0.186,0.095,2.3674536545489e-10,"18","Fos"
6.46359122542004e-10,0.276475279368863,0.345,0.217,1.60297062390417e-07,"18","Prr16"
3.10562172934823e-08,0.415342100385391,0.219,0.133,7.70194188878362e-06,"18","Cwh43"
6.1338425183799e-07,0.26637793743234,0.143,0.082,0.000152119294455822,"18","Rxfp1"
0,2.96301576358911,0.971,0.261,0,"19","Sema3e"
0,2.95230044594469,0.891,0.185,0,"19","Shisa6"
0,4.05081176520964,0.707,0.054,0,"19","Npy2r"
0,3.47345559531318,0.994,0.397,0,"19","Cpne6"
0,2.97243875039903,0.655,0.092,0,"19","Rspo2"
0,2.66052467409251,1,0.452,0,"19","Cpne4"
0,3.17163108678506,0.998,0.484,0,"19","Neurod6"
0,3.71239105630819,0.473,0.042,0,"19","Prss35"
1.97123147914733e-290,2.07189523579369,0.998,0.774,4.88865406828537e-288,"19","Epha4"
2.8508222636669e-286,2.5504480720599,0.942,0.417,7.0700392138939e-284,"19","Slit2"
1.60355008861842e-281,2.31156699284342,0.959,0.42,3.97680421977369e-279,"19","Tanc1"
6.53127911467899e-266,1.42236024217082,0.998,0.879,1.61975722044039e-263,"19","Slc17a7"
3.54923921841602e-261,2.06880123815255,0.907,0.283,8.80211326167172e-259,"19","Mdga1"
8.0755416856164e-260,1.97665938550344,0.969,0.438,2.00273433803287e-257,"19","Cabp7"
6.91816425693076e-256,1.50482759019946,1,0.861,1.71570473571883e-253,"19","Nrn1"
1.08044559589928e-244,1.39459091880846,0.957,0.363,2.6795050778302e-242,"19","Nwd2"
5.35161798368773e-241,2.33239040784907,0.882,0.296,1.32720125995456e-238,"19","Bdnf"
4.53557464892192e-239,1.92100647851021,0.971,0.496,1.12482251293264e-236,"19","Sipa1l3"
1.27359711854232e-198,1.56519086568837,0.893,0.318,3.15852085398496e-196,"19","Prdm8"
1.72829217543411e-195,1.91681676372067,0.729,0.198,4.28616459507658e-193,"19","Cdh9"
2.29958986138927e-193,1.4436555806943,1,0.735,5.7029828562454e-191,"19","Dkk3"
3.17868300890842e-187,1.43230285361697,0.862,0.283,7.88313386209288e-185,"19","Nrp2"
8.34744114207329e-127,1.5767234606398,0.674,0.228,2.07016540323417e-124,"19","Galnt14"
1.50794604719641e-125,1.27485668180797,0.891,0.438,3.7397061970471e-123,"19","Neto2"
6.67779187633831e-125,1.20014212010001,0.87,0.376,1.6560923853319e-122,"19","Nell1"
7.57551991519945e-106,1.24752937104827,0.744,0.301,1.87872893896946e-103,"19","Trpc4"
7.94225466940338e-95,2.10419622404476,0.19,0.029,1.96967915801204e-92,"19","Trp73"
7.15716259781026e-82,0.581643522903187,0.88,0.424,1.77497632425694e-79,"19","Bhlhe22"
1.11146881748842e-80,1.12198085848764,0.492,0.161,2.75644266737129e-78,"19","Slc44a5"
6.98245022579944e-79,0.726805583841749,0.986,0.809,1.73164765599826e-76,"19","Dner"
1.37372577601945e-73,1.59112873156663,0.407,0.132,3.40683992452823e-71,"19","Sema5b"
9.54611212448169e-70,0.803977536715857,0.82,0.432,2.36743580687146e-67,"19","Car4"
8.2280418908511e-69,0.845151798027131,0.797,0.398,2.04055438893107e-66,"19","Arhgef28"
1.97509697595903e-65,0.997761422912171,0.63,0.274,4.8982405003784e-63,"19","Orai2"
1.44958535202364e-57,0.964956386416366,0.457,0.167,3.59497167301863e-55,"19","Dpyd"
2.61490174466407e-42,0.378910903437485,0.888,0.535,6.48495632676689e-40,"19","Plcxd2"
1.72164248463482e-40,0.436062214259835,0.593,0.274,4.26967336189436e-38,"19","Fezf2"
2.95126181632984e-37,0.6194254023029,0.562,0.286,7.31912930449802e-35,"19","Rasl10a"
1.52388249387274e-26,0.698514221896553,0.401,0.197,3.7792285848044e-24,"19","Htr1f"
1.44582475217533e-20,0.424816133927152,0.645,0.393,3.58564538539483e-18,"19","Syndig1"
2.7051637443753e-19,0.823053170410008,0.273,0.132,6.70880608605074e-17,"19","Pcsk5"
2.35515090524618e-11,0.338740554843839,0.316,0.194,5.84077424501051e-09,"19","Strip2"
4.04420202378305e-05,0.767515811438696,0.194,0.134,0.010029621018982,"19","Stard5"
0,5.6308712692487,0.996,0.091,0,"20","Slc13a4"
0,4.869846058805,0.98,0.132,0,"20","Igf2"
0,4.53657945207925,0.972,0.186,0,"20","Strip2"
0,4.50559384278109,0.816,0.068,0,"20","Sntb1"
0,4.70976133000775,0.774,0.028,0,"20","Spag16"
0,4.31592230699185,0.993,0.269,0,"20","Vat1l"
0,3.59780877696965,0.575,0.064,0,"20","Ror1"
0,3.84022600318889,0.43,0.026,0,"20","Trp73"
3.3651799269539e-319,2.81656866989219,0.679,0.112,8.34564621884567e-317,"20","Adamtsl1"
8.75606526352139e-311,2.87621329547936,0.603,0.089,2.1715041853533e-308,"20","Paqr5"
1.19061422611017e-302,2.73452685251707,0.976,0.42,2.95272328075323e-300,"20","Ppp1r1b"
1.2374684612189e-296,1.75796988366133,0.488,0.058,3.06892178382287e-294,"20","Fmod"
4.08262540849962e-277,2.58834188169192,0.892,0.267,1.01249110130791e-274,"20","Rnf152"
9.99234331179235e-273,2.66678299888674,0.97,0.455,2.4781011413245e-270,"20","Pip5k1b"
9.09852258030764e-271,2.57527322154359,0.978,0.46,2.25643359991629e-268,"20","Slc39a12"
1.83920775106022e-269,2.48220973174614,0.993,0.635,4.56123522262935e-267,"20","Mapk4"
1.31037127507156e-261,2.38216244938736,0.915,0.295,3.24972076217747e-259,"20","Cobll1"
6.49411079879498e-221,2.52217643909776,0.692,0.165,1.61053947810116e-218,"20","Dpyd"
1.89831693915081e-219,2.55084490873253,0.915,0.419,4.707826009094e-217,"20","Slit2"
2.47524070399477e-206,1.7313056224268,0.77,0.205,6.13859694590702e-204,"20","Pdgfra"
3.41137263326328e-181,2.10828567521678,0.779,0.25,8.46020413049294e-179,"20","Nr2f2"
9.82427659222189e-172,1.55296527168067,0.991,0.618,2.43642059487103e-169,"20","Clmn"
2.4882853475663e-143,2.01057723114034,0.809,0.403,6.17094766196442e-141,"20","Hat1"
5.16905509245699e-126,1.84765015527017,0.785,0.355,1.28192566292933e-123,"20","Pdzd2"
1.51596896912342e-116,2.24974126172986,0.443,0.11,3.75960304342608e-114,"20","Mecom"
9.02459046021146e-103,1.67887167486177,0.564,0.194,2.23809843413244e-100,"20","Cd24a"
1.42837064415951e-97,1.34190607758214,0.839,0.499,3.54235919751559e-95,"20","Sipa1l3"
4.35442710478537e-90,1.01437305183587,0.412,0.107,1.07989792198677e-87,"20","Dcn"
2.04345768673259e-87,1.32815676960271,0.54,0.173,5.06777506309681e-85,"20","Kdr"
7.2534696701445e-87,1.49473305050211,0.729,0.355,1.79886047819584e-84,"20","Arhgap12"
2.38716206595112e-82,1.15695147437255,0.822,0.476,5.92016192355878e-80,"20","Rmst"
3.91512788110827e-79,1.80284648525016,0.403,0.119,9.70951714514852e-77,"20","Plch1"
2.01400582397751e-78,1.4641640835411,0.733,0.397,4.99473444346423e-76,"20","Hpcal1"
1.1415586382873e-43,0.682231160497312,0.729,0.419,2.83106542295251e-41,"20","Zfp536"
4.71879268089528e-43,0.616107684133062,0.879,0.656,1.17026058486203e-40,"20","Nrep"
2.01080508525452e-39,0.522599518523324,0.974,0.816,4.98679661143121e-37,"20","Id2"
2.08537737395665e-39,0.92025675492848,0.651,0.374,5.1717358874125e-37,"20","Thsd7a"
7.90930650821738e-38,0.973619459246829,0.616,0.341,1.96150801403791e-35,"20","Pdzrn3"
6.91717546263539e-33,1.58940430362053,0.291,0.115,1.71545951473358e-30,"20","Eya4"
2.17591240644169e-28,1.0722917837155,0.267,0.104,5.39626276797539e-26,"20","Sncg"
6.3933990782825e-26,0.325600474442726,0.779,0.48,1.58556297141406e-23,"20","Cux2"
4.48916796136353e-25,1.28605537636689,0.291,0.13,1.11331365441816e-22,"20","Deptor"
2.79325071456752e-23,0.539737954950662,0.766,0.606,6.92726177212744e-21,"20","Tle4"
3.58768584153871e-21,1.04141978202997,0.343,0.177,8.89746088701601e-19,"20","Npnt"
9.10744898823722e-21,0.602456502602964,0.46,0.257,2.25864734908283e-18,"20","Cacna2d2"
1.97086474867238e-20,0.957645596514474,0.206,0.084,4.88774457670751e-18,"20","Igf1"
4.1164289680823e-20,1.51131085370963,0.124,0.039,1.02087438408441e-17,"20","Pthlh"
2.04912246947099e-19,0.425236964142456,0.505,0.302,5.08182372428804e-17,"20","Plekha2"
6.80526436185813e-15,0.809641840253301,0.343,0.198,1.68770556174082e-12,"20","Syt17"
2.14306169973676e-11,0.48216757787856,0.154,0.071,5.31479301534717e-09,"20","Cyp1b1"
6.48585983119285e-11,0.763179821320903,0.239,0.133,1.60849323813583e-08,"20","Stard5"
8.45547370089908e-11,0.445307654164419,0.577,0.43,2.09695747782297e-08,"20","Igfbp4"
1.77341515764384e-08,0.439291054700005,0.2,0.112,4.39806959095671e-06,"20","Emcn"
0,6.77978233619144,0.922,0.027,0,"21","Spag16"
0,5.23249549132288,0.995,0.189,0,"21","Cd24a"
0,3.79357306018097,0.721,0.099,0,"21","Sncg"
0,3.92815036095835,0.728,0.115,0,"21","Plch1"
0,5.38990749427609,0.636,0.024,0,"21","Trp73"
0,3.90865534707916,0.549,0.062,0,"21","Prph"
7.01706201039685e-222,2.7081383038456,0.964,0.475,1.74023137857842e-219,"21","Rmst"
8.52972286862181e-193,2.16140050705044,0.981,0.527,2.11537127141821e-190,"21","Aqp4"
7.09228508526866e-170,2.34341847055985,0.784,0.27,1.75888670114663e-167,"21","Rfx4"
1.49893138636846e-151,2.95806441824952,0.483,0.105,3.71734983819377e-149,"21","Acta2"
1.00269776437977e-146,2.21883042183665,0.769,0.299,2.48669045566182e-144,"21","Plekha2"
6.9056302746486e-140,2.87513281376128,0.444,0.092,1.71259630811285e-137,"21","Paqr5"
2.76929977081949e-133,2.06291106174834,0.762,0.298,6.86786343163234e-131,"21","Cobll1"
1.01982618310067e-98,1.45032851970362,0.862,0.463,2.52916893408966e-96,"21","Slc39a12"
6.1697338843241e-93,1.53686708257261,0.767,0.424,1.53009400331238e-90,"21","Ppp1r1b"
4.01491566048271e-92,2.78231931983192,0.299,0.06,9.95699083799711e-90,"21","Npy2r"
9.96747354692224e-85,1.02755681547182,0.393,0.099,2.47193343963671e-82,"21","Slc13a4"
5.91039241768866e-77,2.18889874645996,0.488,0.176,1.46577731958679e-74,"21","Npnt"
1.05614536147647e-74,1.81649856416756,0.687,0.405,2.61924049646163e-72,"21","Hat1"
1.21360180887904e-71,1.41779374946291,0.612,0.252,3.00973248602001e-69,"21","Nr2f2"
5.46054198621295e-48,0.733812706048098,0.973,0.736,1.35421441258081e-45,"21","Dkk3"
1.10009545813356e-43,0.674964017481814,0.888,0.619,2.72823673617123e-41,"21","Clmn"
1.19767441783042e-43,1.34309860159307,0.655,0.422,2.97023255621944e-41,"21","Slit2"
1.83334357674867e-38,1.4589588106715,0.575,0.347,4.54669207033671e-36,"21","Cpne8"
5.26787155284112e-38,0.396222300975959,0.371,0.14,1.3064321451046e-35,"21","Igf2"
6.16234984409323e-35,2.38410487070443,0.211,0.065,1.52826276133512e-32,"21","Cd44"
2.52215027764081e-29,0.969609437296825,0.495,0.276,6.2549326885492e-27,"21","Vat1l"
3.38277915932408e-29,0.866854723645485,0.794,0.62,8.38929231512372e-27,"21","Igfbp5"
7.82175306171977e-26,1.36023156201992,0.274,0.112,1.9397947593065e-23,"21","Mecom"
1.64135111085819e-23,0.733057644304121,0.629,0.418,4.0705507549283e-21,"21","Gfap"
3.13929647589628e-23,1.12925978510959,0.529,0.335,7.78545526022276e-21,"21","Calb1"
4.00115354361738e-22,1.38222961457278,0.26,0.113,9.9228607881711e-20,"21","Kctd8"
1.41113050236713e-21,0.626739157895247,0.743,0.606,3.49960364587048e-19,"21","Tle4"
2.0504150376304e-19,1.2400742167117,0.396,0.235,5.08502929332339e-17,"21","Gli3"
4.00798032327494e-16,0.929233442077261,0.425,0.269,9.93979120172186e-14,"21","Sema3e"
1.57311276982174e-15,1.41274487809944,0.235,0.116,3.90131966915793e-13,"21","Eya4"
1.19968608037616e-11,0.395704638322633,0.57,0.431,2.97522147933288e-09,"21","Sema6a"
1.09598650982323e-08,1.03865851709247,0.291,0.197,2.71804654436162e-06,"21","Kcnmb2"
2.32292153684014e-08,1.26856458759377,0.138,0.07,5.76084541136355e-06,"21","Ror1"
8.02163620175865e-08,1.02278467606423,0.221,0.135,1.98936577803615e-05,"21","Sema5b"
3.21530670884053e-07,0.655822848640986,0.269,0.176,7.97396063792451e-05,"21","Kdr"
1.905446198144e-06,0.783380698181684,0.33,0.258,0.000472550657139712,"21","Unc13c"
3.29170855335732e-06,0.403321199734187,0.66,0.561,0.000816343721232616,"21","Fhod3"
7.57125563005266e-06,0.469652233981188,0.369,0.291,0.00187767139625306,"21","Nrp2"
0.000916500742343713,0.579910828262516,0.226,0.171,0.227292184101241,"21","Dpyd"
0,4.33833891528761,0.953,0.083,0,"22","Cspg4"
0,4.26552663751542,0.964,0.12,0,"22","Carmn"
0,4.1927780367501,0.758,0.072,0,"22","Ano1"
0,3.16384573699834,0.755,0.107,0,"22","Emcn"
0,3.48295963198294,0.657,0.071,0,"22","Sntb1"
4.9037347949967e-285,3.21963375255908,0.907,0.233,1.21612622915918e-282,"22","Inpp4b"
4.85878934329343e-268,2.58935512914948,0.956,0.249,1.20497975713677e-265,"22","Nr2f2"
5.95666475903225e-218,2.77800565492249,0.978,0.433,1.47725286024e-215,"22","Car4"
1.56234359761055e-215,2.51433294477872,0.926,0.297,3.87461212207415e-213,"22","Cobll1"
1.17967362290783e-179,1.50896799303691,0.679,0.137,2.92559058481143e-177,"22","Igf2"
2.74409529019519e-142,2.36926666487646,0.637,0.162,6.80535631968407e-140,"22","Arhgap6"
9.65120450113337e-123,1.35839512294087,0.761,0.229,2.39349871628108e-120,"22","Fn1"
5.59845561797379e-122,1.77913349042059,0.907,0.437,1.3884169932575e-119,"22","Gucy1a1"
1.18040069267631e-120,2.69268424330614,0.379,0.067,2.92739371783725e-118,"22","Ror1"
2.20406650301796e-109,1.37364423853011,0.679,0.193,5.46608492748453e-107,"22","Pecam1"
1.28432225104714e-104,0.987070767869995,0.788,0.271,3.1851191825969e-102,"22","Ly6a"
2.40643424732374e-89,1.18716118170713,0.635,0.195,5.96795693336287e-87,"22","Adgrl4"
4.62696052495823e-88,1.86471881275303,0.431,0.104,1.14748621018964e-85,"22","Nostrin"
2.68616824710636e-84,2.13765508150086,0.401,0.097,6.66169725282376e-82,"22","Slfn5"
6.14043401223499e-80,1.6080798194491,0.761,0.356,1.52282763503428e-77,"22","Pdzd2"
5.1466130503967e-74,1.12680149857081,0.527,0.155,1.27636003649838e-71,"22","Acvrl1"
5.93654655172216e-71,1.19710461193816,0.547,0.174,1.4722635448271e-68,"22","Kdr"
5.49320222630188e-67,0.598950605789787,0.536,0.166,1.36231415212287e-64,"22","Cldn5"
4.15549020136755e-43,1.02461820687731,0.791,0.507,1.03056156993915e-40,"22","Gfra2"
9.58011234081869e-42,1.0288590498636,0.629,0.304,2.37586786052303e-39,"22","Trpc4"
2.98727468531507e-40,1.415360180693,0.308,0.096,7.40844121958138e-38,"22","Zfp366"
3.77069504349069e-36,2.40800557116011,0.159,0.036,9.35132370785692e-34,"22","Nts"
1.09297316361545e-34,1.19925512935241,0.343,0.123,2.71057344576633e-32,"22","Fgd5"
5.72521088006007e-32,0.672820408767003,0.602,0.301,1.4198522982549e-29,"22","Plekha2"
2.71389693621778e-24,1.01298131622288,0.475,0.256,6.7304644018201e-22,"22","Unc13c"
1.4461900666234e-22,0.565693175335922,0.335,0.147,3.58655136522603e-20,"22","Ccn2"
3.17861437737287e-19,0.635084792691684,0.275,0.115,7.88296365588471e-17,"22","Cd93"
6.00871624592686e-18,0.743013476699027,0.582,0.368,1.49016162898986e-15,"22","Ndst3"
2.06462463240723e-17,0.972634891327254,0.258,0.112,5.12026908836993e-15,"22","Mecom"
6.71578621124359e-17,0.600022032725722,0.291,0.133,1.66551498038841e-14,"22","Pglyrp1"
4.19306689927158e-16,0.580422377363237,0.437,0.248,1.03988059101935e-13,"22","Gadd45a"
1.22215644799147e-12,0.298952532253363,0.819,0.681,3.03094799101883e-10,"22","Acsbg1"
1.34548015590659e-12,0.451710963706778,0.692,0.52,3.33679078664835e-10,"22","Pde7b"
1.12690798552585e-11,0.938522272568211,0.302,0.171,2.79473180410412e-09,"22","Cdh4"
2.39125624085554e-09,0.53519807951422,0.192,0.095,5.93031547732173e-07,"22","Paqr5"
7.46602852165058e-09,0.432921119934738,0.415,0.273,1.85157507336934e-06,"22","Rnf152"
3.86846610573436e-07,0.390763807863181,0.821,0.76,9.5937959422212e-05,"22","Arc"
3.77908187761841e-05,0.457949779446162,0.104,0.054,0.00937212305649365,"22","Spp1"
0,6.77517797247775,0.997,0.084,0,"23","Vip"
0,5.22504891049559,0.933,0.078,0,"23","Igf1"
0,5.80179020058992,0.639,0.037,0,"23","Crh"
0,4.38683118790018,0.482,0.036,0,"23","Pthlh"
9.87493665276713e-199,2.40223687019613,0.936,0.254,2.44898428988625e-196,"23","Gad2"
8.55913600118323e-176,2.63391046263886,0.983,0.447,2.12266572829344e-173,"23","Gad1"
2.7635134762234e-163,2.46912636899068,0.726,0.161,6.85351342103403e-161,"23","Slc44a5"
1.98087268773171e-156,2.95795585941397,0.742,0.19,4.91256426557464e-154,"23","Penk"
3.25828536715949e-140,2.23016545060758,0.883,0.315,8.08054771055553e-138,"23","Sorcs3"
2.22512293633294e-121,2.17156822312927,0.766,0.23,5.5183048821057e-119,"23","Galnt14"
1.10405714781616e-118,1.6342060599801,0.933,0.335,2.73806172658407e-116,"23","Prox1"
8.72846854049062e-108,3.1190191667807,0.365,0.06,2.16466019804167e-105,"23","Npy2r"
5.79652094990193e-92,3.30867678903199,0.237,0.03,1.43753719557568e-89,"23","Chat"
4.01271963872221e-86,1.31158575128007,0.99,0.81,9.95154470403107e-84,"23","Dner"
3.9184650032964e-76,1.67137238279107,0.609,0.189,9.71779320817508e-74,"23","Btbd11"
3.34092492122358e-75,1.5767504599042,0.706,0.253,8.28549380463447e-73,"23","Nr2f2"
1.01439877510899e-65,1.26691337961513,0.846,0.419,2.5157089622703e-63,"23","Zfp536"
7.09295880889275e-65,1.48221463499001,0.833,0.437,1.7590537846054e-62,"23","Necab1"
1.04713157793252e-64,1.40376847634071,0.492,0.142,2.59688631327266e-62,"23","Calb2"
1.08427021173315e-57,1.94889463283065,0.445,0.134,2.6889901250982e-55,"23","Sema5b"
1.15767144654244e-50,1.62912043131592,0.528,0.195,2.87102518742526e-48,"23","Kcnmb2"
1.35530480170653e-42,1.56607041774105,0.301,0.081,3.36115590823219e-40,"23","Rxfp1"
1.36006066761853e-40,1.1104196555324,0.783,0.453,3.37295045569396e-38,"23","Cntn6"
9.17935838781725e-39,0.868748934660825,0.819,0.454,2.27648088017868e-36,"23","Rasgrf2"
9.30515573596456e-36,0.972733346261173,0.652,0.304,2.30767862251921e-33,"23","Trpc4"
1.23099256255263e-33,0.580185894542851,0.943,0.672,3.05286155513052e-31,"23","Rims3"
2.06348716201215e-21,1.11532724855325,0.381,0.171,5.11744816179013e-19,"23","Cdh4"
4.6750434362271e-18,0.349010904492192,0.495,0.253,1.15941077218432e-15,"23","Rab3b"
2.54375093698597e-16,0.637332039615525,0.649,0.398,6.30850232372521e-14,"23","Cdh20"
1.00452130061519e-13,1.05905163669213,0.171,0.063,2.49121282552567e-11,"23","Pde11a"
2.47271034880236e-13,1.11168094796734,0.144,0.05,6.13232166502986e-11,"23","Cort"
7.29042812359303e-12,0.601941958381285,0.579,0.375,1.80802617465107e-09,"23","Thsd7a"
1.72304632309975e-10,0.733680748550138,0.458,0.294,4.27315488128737e-08,"23","Cdh6"
5.93904557602077e-10,0.432629606210594,0.716,0.523,1.47288330285315e-07,"23","Kctd12"
2.1796753685186e-09,0.387036949936568,0.301,0.164,5.40559491392613e-07,"23","Tmem255a"
4.33193288177824e-09,0.257855688969407,0.92,0.76,1.074319354681e-06,"23","Arc"
9.54233978128038e-09,0.617179584932238,0.304,0.172,2.36650026575753e-06,"23","Angpt1"
1.03406339098885e-08,0.397051449835731,0.161,0.071,2.56447720965235e-06,"23","Cyp1b1"
1.34548583305502e-08,0.520331342096439,0.234,0.121,3.33680486597646e-06,"23","Rbp4"
1.86524086881705e-08,0.569549141701114,0.361,0.218,4.62579735466629e-06,"23","Prr16"
4.66936077491934e-07,0.275841805683006,0.652,0.482,0.000115800147218,"23","Cux2"
6.76842923466634e-07,0.476325384546622,0.525,0.388,0.000167857045019725,"23","Parm1"
6.93296466544865e-07,0.316583905906332,0.298,0.175,0.000171937523703127,"23","Rspo1"
2.16699095605177e-06,0.349810111052258,0.318,0.194,0.000537413757100838,"23","Shisa6"
1.39828703807036e-05,0.311255193661047,0.401,0.277,0.00346775185441449,"23","Myo16"
4.88099057414412e-05,0.426370568510375,0.508,0.401,0.0121048566238774,"23","Hpcal1"
5.20040273604925e-05,0.608182245972959,0.264,0.173,0.0128969987854021,"23","Col19a1"
0.000658443814887434,0.537438660938581,0.161,0.1,0.163294066092084,"23","Rspo2"
0,5.63304599940006,0.973,0.077,0,"24","Rxfp1"
9.19031766128142e-188,2.89601944037478,0.779,0.132,2.27919877999779e-185,"24","Sema5b"
3.48097031707038e-185,2.84096800469327,0.982,0.265,8.63280638633454e-183,"24","Tmem163"
1.16292833641266e-158,2.760376550297,0.986,0.351,2.88406227430341e-156,"24","Cdh13"
2.6674351398371e-158,3.00452107671311,0.716,0.131,6.61523914679601e-156,"24","Cwh43"
1.8936115789259e-140,2.22464146435853,0.923,0.252,4.69615671573624e-138,"24","Nr2f2"
2.31219077445195e-137,2.66090341202569,0.986,0.456,5.73423312064083e-135,"24","Cpne4"
8.19828277257313e-119,1.87065814570932,1,0.81,2.03317412759814e-116,"24","Dner"
1.51322313536097e-114,2.06646280805889,0.982,0.445,3.7527933756952e-112,"24","Tmem132d"
1.50590367745106e-103,2.12702726925694,0.446,0.069,3.73464112007862e-101,"24","Cbln1"
2.36849624134211e-103,2.13125920539581,0.829,0.247,5.87387067852844e-101,"24","Gsg1l"
2.97208794011835e-100,2.4478112112167,0.775,0.231,7.3707780914935e-98,"24","Galnt14"
5.65145047627597e-98,2.15537156294383,0.874,0.328,1.40155971811644e-95,"24","Lypd6"
5.54234963693919e-93,1.53444615157779,1,0.817,1.37450270996092e-90,"24","Id2"
6.03934621650928e-87,1.68910769683293,0.964,0.435,1.4977578616943e-84,"24","Satb2"
2.70284692596492e-83,1.53699740083546,0.613,0.146,6.703060376393e-81,"24","Ccn2"
2.96893495424213e-71,1.43190209293799,0.964,0.56,7.36295868652048e-69,"24","Fhod3"
2.80143131269902e-62,1.28780156268269,0.811,0.322,6.94754965549357e-60,"24","Slc17a6"
5.15680656179962e-62,1.78780232181476,0.788,0.331,1.2788880273263e-59,"24","Igsf21"
1.39086326042795e-60,1.48201979437137,0.887,0.481,3.44934088586131e-58,"24","Cux2"
4.55152753606884e-54,2.05316784408846,0.532,0.163,1.12877882894507e-51,"24","Cbln4"
9.16801643718221e-50,0.901886906543645,0.946,0.489,2.27366807642119e-47,"24","Neurod6"
1.16668357568158e-49,1.45417964756735,0.761,0.317,2.89337526769032e-47,"24","Sorcs3"
4.75941885931235e-46,0.779495546401173,1,0.88,1.18033587710946e-43,"24","Slc17a7"
6.12135544194457e-43,1.35608967516811,0.694,0.29,1.51809614960225e-40,"24","Mdga1"
6.92005437308782e-40,1.44466571833174,0.55,0.2,1.71617348452578e-37,"24","Col6a1"
2.47828922282895e-37,1.15194972714314,0.667,0.272,6.14615727261578e-35,"24","Rnf152"
6.68186735481045e-35,1.69576147951777,0.649,0.302,1.65710310399299e-32,"24","Bdnf"
1.51986708092557e-33,0.909151603188346,0.784,0.381,3.7692703606954e-31,"24","Nell1"
3.76413903444891e-33,0.5087015908907,0.734,0.369,9.33506480543331e-31,"24","Nwd2"
3.23318230570088e-32,1.19826279140211,0.55,0.211,8.01829211813817e-30,"24","Hs3st2"
1.04608650777174e-21,0.716716310455527,0.725,0.416,2.59429453927391e-19,"24","Sox11"
4.89291140729116e-20,0.54556230723936,0.757,0.423,1.21344202900821e-17,"24","Slit2"
5.99589406543461e-19,1.30297903546054,0.338,0.133,1.48698172822778e-16,"24","Pcsk5"
2.63301928628657e-18,1.18351217244377,0.441,0.204,6.52988782999069e-16,"24","Cdh9"
9.81787946070521e-18,0.639723708628184,0.649,0.339,2.43483410625489e-15,"24","Grik3"
1.64424485837485e-17,0.67053549523491,0.563,0.288,4.07772724876962e-15,"24","Rasl10a"
4.76698926515645e-17,0.419857407539324,0.982,0.737,1.1822133377588e-14,"24","Dkk3"
6.92857279676517e-17,0.277840321332621,0.396,0.17,1.71828605359776e-14,"24","Trem2"
2.97956448544959e-14,0.472949024668509,0.68,0.39,7.38931992391499e-12,"24","Lamp5"
5.37141301226335e-14,0.896888706221899,0.374,0.175,1.33211042704131e-11,"24","Rspo1"
5.74528191371163e-14,0.837046907257224,0.455,0.23,1.42482991460048e-11,"24","Cntnap5b"
7.50045926703367e-12,0.657909884917094,0.401,0.199,1.86011389822435e-09,"24","Htr1f"
2.46841710682968e-11,0.452688994603498,0.491,0.27,6.1216744249376e-09,"24","Cntnap4"
3.37250569207636e-11,0.256004144419139,0.878,0.682,8.36381411634937e-09,"24","Garnl3"
8.45478485074004e-11,0.397644381170036,0.572,0.326,2.09678664298353e-08,"24","Igfbp6"
7.80529641600103e-08,0.819010119174566,0.212,0.1,1.93571351116826e-05,"24","Rspo2"
1.77952564476206e-07,0.500734232914185,0.532,0.349,4.41322359900992e-05,"24","Cpne8"
4.10285736815574e-06,0.280296647410962,0.216,0.115,0.00101750862730262,"24","Cplx3"
8.59623178753517e-06,0.811895590254868,0.185,0.095,0.00213186548330872,"24","Adamts2"
7.23595587466565e-05,0.380784280772655,0.162,0.085,0.0179451705691708,"24","Igf1"
8.41030623348006e-39,0.42506100938698,0.712,0.252,2.08575594590305e-36,"25","Rab3b"
8.46189283789687e-31,0.546888872657945,0.725,0.276,2.09854942379842e-28,"25","Fezf2"
2.26026253831946e-29,0.785671925666862,0.68,0.275,5.60545109503226e-27,"25","Myo16"
4.27541273113525e-29,0.714458748307096,0.703,0.284,1.06030235732154e-26,"25","Sdk2"
7.58007266532064e-28,0.466925454178383,0.631,0.248,1.87985802099952e-25,"25","Gadd45a"
1.78897878971341e-27,0.500094094390343,0.685,0.272,4.43666739848925e-25,"25","Rnf152"
3.5008988222633e-27,0.4133319013645,0.685,0.268,8.68222907921297e-25,"25","Sema3e"
4.21147034843388e-27,0.730650599855685,0.64,0.258,1.0444446464116e-24,"25","Sema3a"
6.31319626419231e-27,0.493832081458305,0.608,0.237,1.56567267351969e-24,"25","Hapln1"
1.1058585781193e-26,0.365294020009417,0.743,0.312,2.74252927373586e-24,"25","Wfs1"
5.49345160468393e-26,0.791630756867095,0.743,0.329,1.36237599796162e-23,"25","Lypd6"
7.71988996585851e-26,0.645546371255769,0.658,0.277,1.91453271153291e-23,"25","Orai2"
9.08116602731395e-26,0.478073195321894,0.739,0.304,2.25212917477386e-23,"25","Plcxd3"
2.06010387024512e-25,0.610125403617815,0.689,0.29,5.1090575982079e-23,"25","Mdga1"
2.39926222123945e-25,0.517775280358328,0.635,0.257,5.95017030867383e-23,"25","Cacna2d2"
3.033616187531e-25,0.434848427657882,0.671,0.273,7.52336814507687e-23,"25","Rfx4"
1.76915725963012e-24,0.781477458733596,0.784,0.378,4.3875100038827e-22,"25","Lyz2"
2.10847046592927e-24,0.392612106417294,0.658,0.269,5.22900675550459e-22,"25","Cntnap4"
6.43922099950566e-24,0.549328526729678,0.793,0.342,1.5969268078774e-21,"25","Pdzrn3"
1.01470862279614e-23,0.583169733919363,0.604,0.248,2.51647738453443e-21,"25","Gsg1l"
1.09029981351233e-23,0.545494186679227,0.689,0.293,2.70394353751059e-21,"25","Cdh6"
2.27713877193486e-23,0.276225459982032,0.527,0.201,5.64730415439845e-21,"25","Col6a1"
5.26354001904448e-23,0.607423541611884,0.743,0.332,1.30535792472303e-20,"25","Igsf21"
5.46850054301207e-23,0.360887917995309,0.712,0.305,1.35618813466699e-20,"25","Trpc4"
9.6570629410911e-23,0.566111552966044,0.658,0.281,2.39495160939059e-20,"25","Tox"
1.58805897940354e-22,0.425087071256546,0.757,0.325,3.93838626892078e-20,"25","Igfbp6"
1.8567801733217e-22,0.699990960085367,0.595,0.257,4.60481482983782e-20,"25","Unc13c"
3.013138434731e-22,0.536604479418615,0.752,0.338,7.47258331813289e-20,"25","Grik3"
6.00218665560789e-22,0.43077343104272,0.725,0.317,1.48854229059076e-19,"25","Sorcs3"
9.67440783583013e-22,0.667191143444257,0.523,0.211,2.39925314328587e-19,"25","Hs3st2"
4.25423208257488e-21,0.481786069572979,0.806,0.368,1.05504955647857e-18,"25","Ndst3"
2.9158945659487e-20,0.426663733671361,0.64,0.284,7.23141852355278e-18,"25","Chrm2"
3.38953605348964e-19,0.483335580319648,0.752,0.358,8.4060494126543e-17,"25","Pdzd2"
1.03979037236415e-18,0.516322735880971,0.739,0.357,2.57868012346309e-16,"25","Arhgap12"
1.85706521020921e-18,0.485254280561729,0.73,0.347,4.60552172131883e-16,"25","Cpne8"
6.02862715220467e-18,0.352282806536476,0.829,0.415,1.49509953374676e-15,"25","Sox11"
2.05381527735825e-16,0.570392498988902,0.77,0.399,5.09346188784846e-14,"25","Hpcal1"
2.6515720101405e-16,0.47563670221908,0.514,0.233,6.57589858514845e-14,"25","Galnt14"
1.97232349571185e-14,0.291822601438197,0.788,0.397,4.89136226936539e-12,"25","Cdh20"
1.66005865710667e-13,0.581825097921744,0.743,0.406,4.11694546962455e-11,"25","Hat1"
8.54632093250526e-13,0.530278341852858,0.833,0.454,2.1194875912613e-10,"25","Cntn6"
1.04027156529705e-12,0.275697863121307,0.766,0.395,2.57987348193667e-10,"25","Syndig1"
5.34258942482157e-11,0.28823885945122,0.473,0.238,1.32496217735575e-08,"25","Inpp4b"
1.33439909235694e-10,0.431483651692401,0.446,0.23,3.30930974904521e-08,"25","Cntnap5b"
4.64563859972188e-09,0.351664886514532,0.946,0.637,1.15211837273103e-06,"25","Mapk4"
0,5.71219629440458,0.993,0.068,0,"26","Cbln1"
7.72871706140942e-132,2.95074412591467,0.899,0.173,1.91672183122954e-129,"26","Rspo1"
2.07962439228899e-127,3.03280220510749,0.763,0.118,5.15746849287669e-125,"26","Opn3"
3.38643797410688e-104,3.05126277464608,0.986,0.386,8.39836617578506e-102,"26","Parm1"
1.29299717627588e-93,2.79122800130017,1,0.658,3.20663299716418e-91,"26","Nrep"
6.76799825018841e-89,2.35662107945726,1,0.436,1.67846356604673e-86,"26","Car4"
9.61650905436081e-87,2.36978971115437,1,0.538,2.38489424548148e-84,"26","Plcxd2"
1.97680846509495e-85,2.32215089412986,0.971,0.375,4.90248499343548e-83,"26","Thsd7a"
5.07017545676827e-82,2.27422709388342,0.964,0.368,1.25740351327853e-79,"26","Ndst3"
7.74895734277847e-76,2.07473780275329,0.993,0.381,1.92174142100906e-73,"26","Nell1"
1.03269317015394e-71,2.20058903030758,0.619,0.12,2.56107906198178e-69,"26","Rbp4"
1.73450911900085e-71,1.96338376365694,0.978,0.508,4.30158261512212e-69,"26","Gfra2"
6.50448342655397e-62,1.9989381888285,0.906,0.342,1.61311188978538e-59,"26","Pdzrn3"
1.05242700733493e-60,1.67184771516696,0.971,0.439,2.61001897819063e-58,"26","Necab1"
1.01066262167985e-56,1.48256575280557,0.986,0.39,2.50644330176603e-54,"26","Lamp5"
2.96084853647713e-56,1.93006564563559,0.863,0.331,7.34290437046329e-54,"26","Pvalb"
1.27424436412071e-54,1.68142159669876,0.928,0.423,3.16012602301936e-52,"26","Slit2"
2.36408931574905e-53,2.53158042758772,0.396,0.067,5.86294150305766e-51,"26","Prph"
1.33227285631956e-51,1.61218977918011,0.871,0.305,3.30403668367252e-49,"26","Plcxd3"
1.65068481933412e-48,1.30047849811743,1,0.673,4.09369835194863e-46,"26","Rims3"
1.57937152437248e-46,1.36248921880535,0.849,0.276,3.91684138044376e-44,"26","Fezf2"
2.28261276264078e-46,1.36962172160355,0.978,0.563,5.66087965134914e-44,"26","Kcnh5"
1.54601517081823e-44,1.17519690511917,1,0.776,3.83411762362922e-42,"26","Epha4"
2.77600571980246e-43,1.44662528891285,0.935,0.436,6.88449418511011e-41,"26","Satb2"
2.01351000610934e-42,1.16279321192463,0.935,0.403,4.99350481515117e-40,"26","Cpne6"
4.49789297174041e-41,1.54163255658014,0.676,0.204,1.11547745699162e-38,"26","Pou3f1"
1.73452493826017e-40,1.13968784656478,0.971,0.621,4.30162184688523e-38,"26","Igfbp5"
3.65963001506309e-40,0.994924361233405,1,0.863,9.07588243735647e-38,"26","Nrn1"
1.32753922470486e-30,0.847650130830014,1,0.826,3.29229727726806e-28,"26","Bhlhe40"
3.662720955266e-30,2.01937695063699,0.381,0.095,9.08354796905967e-28,"26","Fos"
6.19452673939778e-30,1.29898366132059,0.719,0.276,1.53624263137065e-27,"26","Myo16"
2.13886549739994e-28,1.35355317175651,0.748,0.348,5.30438643355184e-26,"26","Cpne8"
8.4042177500862e-26,1.07257745730191,0.827,0.4,2.08424600202138e-23,"26","Hpcal1"
5.21943940145026e-25,1.14387384235347,0.727,0.306,1.29442097155966e-22,"26","Trpc4"
4.29585815588878e-23,0.46263035232018,0.698,0.277,1.06537282266042e-20,"26","Vat1l"
3.21077077086619e-20,0.666275022515726,0.842,0.44,7.96271151174816e-18,"26","Gucy1a1"
3.87583819960941e-14,0.954550340734758,0.489,0.211,9.61207873503133e-12,"26","Zfpm2"
5.76748026580848e-14,0.600026855185018,0.597,0.27,1.4303351059205e-11,"26","Cntnap4"
7.88392289759251e-14,1.62823219574428,0.245,0.075,1.95521287860294e-11,"26","Pkib"
1.26774898284566e-13,0.386862852404963,0.806,0.46,3.14401747745723e-11,"26","Pip5k1b"
4.94681942956231e-12,0.368514006662284,0.446,0.197,1.22681121853145e-09,"26","Cd24a"
7.37555870320155e-11,0.74884185165348,0.489,0.231,1.82913855839398e-08,"26","Cntnap5b"
1.49627800381575e-10,0.439428136451245,0.597,0.303,3.71076944946306e-08,"26","Bdnf"
3.24608848589325e-10,0.473928193438434,0.878,0.561,8.05029944501526e-08,"26","Fhod3"
7.6933146208062e-08,0.290361218794395,0.978,0.76,1.90794202595994e-05,"26","Arc"
6.57395910769192e-07,0.547559435290883,0.432,0.234,0.00016303418587076,"26","Galnt14"
1.87074784481942e-05,0.456347889516139,0.36,0.2,0.00463945465515216,"26","Syt2"
0.00198470171820912,0.388979033860484,0.381,0.258,0.492206026115863,"26","Unc13c"
